global_round,started_at,finished_at,round_time,n_expected,n_received,avg_local_train_time,avg_model_delta_norm,avg_staleness,hosts
1,1761477055.461204,1761477058.6815436,3.22033953666687,3,3,0.0289,196.308384,0,"10.0.1.1,10.0.2.1,10.0.1.1"
2,1761477058.681545,1761477060.437329,1.755784034729004,3,3,0.010233,194.100636,0,"10.0.2.1,10.0.1.1,10.0.2.1"
3,1761477060.4373307,1761477061.4681733,1.0308425426483154,3,3,0.014,196.515395,0,"10.0.1.1,10.0.1.1,10.0.2.1"
4,1761477061.4681747,1761477065.3006709,3.832496166229248,3,3,0.020167,198.967667,0,"10.0.1.1,10.0.2.1,10.0.1.1"
5,1761477065.3006732,1761477066.5409863,1.2403130531311035,3,3,0.014167,197.113206,0,"10.0.2.1,10.0.1.1,10.0.2.1"
6,1761477066.5409887,1761477069.3836076,2.842618942260742,3,3,0.016967,205.147379,0,"10.0.1.1,10.0.2.1,10.0.1.1"
7,1761477069.3836083,1761477071.6242516,2.240643262863159,3,3,0.016933,195.6054,0,"10.0.2.1,10.0.1.1,10.0.2.1"
8,1761477071.624253,1761477073.4634066,1.839153528213501,3,3,0.013533,189.980351,0,"10.0.1.1,10.0.2.1,10.0.1.1"
9,1761477073.4634078,1761477075.6944377,2.231029987335205,3,3,0.024,199.853018,0,"10.0.2.1,10.0.1.1,10.0.2.1"
10,1761477075.6944396,1761477078.1311178,2.436678171157837,3,3,0.026633,196.031597,0,"10.0.1.1,10.0.2.1,10.0.1.1"
11,1761477078.1311207,1761477079.7535958,1.6224751472473145,3,3,0.010233,195.828952,0,"10.0.2.1,10.0.1.1,10.0.2.1"
12,1761477079.753598,1761477081.7896287,2.0360307693481445,3,3,0.021733,197.253393,0,"10.0.1.1,10.0.1.1,10.0.2.1"
13,1761477081.7896295,1761477084.2554429,2.465813398361206,3,3,0.010167,191.402428,0,"10.0.1.1,10.0.2.1,10.0.1.1"
14,1761477084.2554438,1761477085.8475854,1.5921416282653809,3,3,0.0177,189.175173,0,"10.0.2.1,10.0.1.1,10.0.2.1"
15,1761477085.847587,1761477087.8775575,2.029970407485962,3,3,0.013467,197.426771,0,"10.0.1.1,10.0.1.1,10.0.2.1"
16,1761477087.8775585,1761477089.9060197,2.028461217880249,3,3,0.013733,205.115989,0,"10.0.1.1,10.0.1.1,10.0.2.1"
17,1761477089.9060204,1761477091.9175577,2.0115373134613037,3,3,0.0105,188.191484,0,"10.0.1.1,10.0.2.1,10.0.1.1"
18,1761477091.9175584,1761477093.9778945,2.060336112976074,3,3,0.020733,201.626364,0,"10.0.2.1,10.0.1.1,10.0.2.1"
19,1761477093.9778955,1761477096.012414,2.0345184803009033,3,3,0.0115,191.71692,0,"10.0.1.1,10.0.2.1,10.0.1.1"
20,1761477096.0124152,1761477097.5568259,1.5444107055664062,3,3,0.0102,194.584469,0,"10.0.1.1,10.0.2.1,10.0.1.1"
21,1761477097.5568273,1761477099.5913486,2.0345213413238525,3,3,0.0137,192.37624,0,"10.0.2.1,10.0.1.1,10.0.1.1"
22,1761477099.5913506,1761477100.5736525,0.9823019504547119,3,3,0.010533,190.683587,0,"10.0.2.1,10.0.1.1,10.0.2.1"
23,1761477100.5736544,1761477102.1785789,1.6049244403839111,3,3,0.0106,186.37594,0,"10.0.1.1,10.0.2.1,10.0.1.1"
24,1761477102.17858,1761477103.1204283,0.9418482780456543,3,3,0.0102,192.273979,0,"10.0.2.1,10.0.1.1,10.0.2.1"
25,1761477103.1204293,1761477105.7474637,2.6270344257354736,3,3,0.013533,194.032142,0,"10.0.1.1,10.0.2.1,10.0.1.1"
26,1761477105.747465,1761477106.6991541,0.9516892433166504,3,3,0.0167,193.299222,0,"10.0.2.1,10.0.1.1,10.0.2.1"
27,1761477106.6991556,1761477108.8654432,2.166287660598755,3,3,0.010867,192.430236,0,"10.0.1.1,10.0.2.1,10.0.1.1"
28,1761477108.8654454,1761477110.277137,1.411691665649414,3,3,0.013833,190.594123,0,"10.0.2.1,10.0.1.1,10.0.2.1"
29,1761477110.2771382,1761477112.3096523,2.0325140953063965,3,3,0.014367,193.308527,0,"10.0.2.1,10.0.1.1,10.0.2.1"
30,1761477112.3096533,1761477114.383287,2.0736336708068848,3,3,0.0105,193.535068,0,"10.0.2.1,10.0.1.1,10.0.2.1"
31,1761477114.3832881,1761477114.9767792,0.5934910774230957,3,3,0.0105,191.985944,0,"10.0.1.1,10.0.2.1,10.0.1.1"
32,1761477114.97678,1761477116.936062,1.9592821598052979,3,3,0.0105,182.871922,0,"10.0.2.1,10.0.1.1,10.0.2.1"
33,1761477116.936063,1761477118.5579515,1.6218883991241455,3,3,0.017733,201.798082,0,"10.0.1.1,10.0.2.1,10.0.1.1"
34,1761477118.5579522,1761477121.0092337,2.4512815475463867,3,3,0.010267,195.084352,0,"10.0.2.1,10.0.1.1,10.0.2.1"
35,1761477121.0092347,1761477122.043132,1.0338973999023438,3,3,0.011,194.245137,0,"10.0.1.1,10.0.2.1,10.0.2.1"
36,1761477122.043133,1761477123.0574644,1.014331340789795,3,3,0.010233,189.873038,0,"10.0.1.1,10.0.1.1,10.0.2.1"
37,1761477123.057465,1761477124.6833375,1.6258723735809326,3,3,0.0106,195.237568,0,"10.0.1.1,10.0.2.1,10.0.1.1"
38,1761477124.6833396,1761477126.203275,1.5199353694915771,3,3,0.0108,203.69712,0,"10.0.2.1,10.0.2.1,10.0.1.1"
39,1761477126.203277,1761477127.2754395,1.072162389755249,3,3,0.012767,203.956364,0,"10.0.1.1,10.0.2.1,10.0.1.1"
40,1761477127.2754407,1761477129.199659,1.9242184162139893,3,3,0.010233,204.228228,0,"10.0.2.1,10.0.1.1,10.0.2.1"
41,1761477129.19966,1761477130.736613,1.5369529724121094,3,3,0.013533,197.435644,0,"10.0.2.1,10.0.1.1,10.0.2.1"
42,1761477130.736614,1761477132.8603067,2.123692750930786,3,3,0.010667,191.380412,0,"10.0.1.1,10.0.2.1,10.0.1.1"
43,1761477132.8603094,1761477133.8014324,0.9411230087280273,3,3,0.0104,193.790712,0,"10.0.2.1,10.0.1.1,10.0.2.1"
44,1761477133.801433,1761477134.91506,1.1136269569396973,3,3,0.0105,187.855493,0,"10.0.1.1,10.0.2.1,10.0.1.1"
45,1761477134.915061,1761477136.8674026,1.9523415565490723,3,3,0.010767,191.691451,0,"10.0.2.1,10.0.1.1,10.0.2.1"
46,1761477136.8674035,1761477137.9845243,1.1171207427978516,3,3,0.011267,194.776945,0,"10.0.1.1,10.0.2.1,10.0.1.1"
47,1761477137.9845252,1761477139.4275935,1.443068265914917,3,3,0.010233,188.638149,0,"10.0.2.1,10.0.1.1,10.0.2.1"
48,1761477139.427595,1761477141.0511835,1.6235885620117188,3,3,0.014133,205.815978,0,"10.0.1.1,10.0.2.1,10.0.1.1"
49,1761477141.0511847,1761477142.5110362,1.4598515033721924,3,3,0.010533,190.742279,0,"10.0.2.1,10.0.1.1,10.0.2.1"
50,1761477142.5110366,1761477143.1169767,0.6059401035308838,3,3,0.0118,191.452583,0,"10.0.1.1,10.0.2.1,10.0.1.1"
51,1761477143.116978,1761477145.5824718,2.46549391746521,3,3,0.0104,194.38746,0,"10.0.2.1,10.0.1.1,10.0.2.1"
52,1761477145.5824733,1761477146.167964,0.5854907035827637,3,3,0.0103,184.539829,0,"10.0.1.1,10.0.2.1,10.0.1.1"
53,1761477146.167965,1761477147.652471,1.4845061302185059,3,3,0.0102,197.611915,0,"10.0.2.1,10.0.1.1,10.0.2.1"
54,1761477147.6524715,1761477149.2390683,1.5865967273712158,3,3,0.010467,193.541679,0,"10.0.1.1,10.0.2.1,10.0.1.1"
55,1761477149.239069,1761477150.713961,1.4748919010162354,3,3,0.012433,198.591399,0,"10.0.2.1,10.0.1.1,10.0.2.1"
56,1761477150.713962,1761477153.336725,2.62276291847229,3,3,0.022267,193.334945,0,"10.0.1.1,10.0.2.1,10.0.1.1"
57,1761477153.3367264,1761477154.8139784,1.4772520065307617,3,3,0.017,188.409785,0,"10.0.2.1,10.0.1.1,10.0.2.1"
58,1761477154.8139791,1761477157.4322515,2.618272304534912,3,3,0.014433,197.136033,0,"10.0.1.1,10.0.2.1,10.0.1.1"
59,1761477157.4322526,1761477158.8951626,1.4629099369049072,3,3,0.014133,199.315647,0,"10.0.2.1,10.0.1.1,10.0.2.1"
60,1761477158.8951635,1761477160.4934475,1.5982840061187744,3,3,0.010267,196.572631,0,"10.0.1.1,10.0.2.1,10.0.1.1"
61,1761477160.4934483,1761477161.9536996,1.4602513313293457,3,3,0.012467,191.072114,0,"10.0.2.1,10.0.1.1,10.0.2.1"
62,1761477161.9537003,1761477163.569671,1.6159706115722656,3,3,0.013533,195.906517,0,"10.0.1.1,10.0.2.1,10.0.1.1"
63,1761477163.5696728,1761477166.0298293,2.4601564407348633,3,3,0.013867,201.599686,0,"10.0.2.1,10.0.1.1,10.0.2.1"
64,1761477166.0298302,1761477167.6702225,1.6403923034667969,3,3,0.0176,190.343203,0,"10.0.1.1,10.0.2.1,10.0.1.1"
65,1761477167.670226,1761477170.1119864,2.441760301589966,3,3,0.017733,201.02062,0,"10.0.2.1,10.0.1.1,10.0.2.1"
66,1761477170.111988,1761477171.7967641,1.6847760677337646,3,3,0.010233,199.897505,0,"10.0.1.1,10.0.2.1,10.0.1.1"
67,1761477171.796766,1761477173.1809776,1.384211540222168,3,3,0.0103,193.731712,0,"10.0.2.1,10.0.1.1,10.0.2.1"
68,1761477173.180979,1761477174.728839,1.5478599071502686,3,3,0.011367,185.431314,0,"10.0.1.1,10.0.2.1,10.0.2.1"
69,1761477174.7288396,1761477176.2718163,1.5429766178131104,3,3,0.017167,198.526086,0,"10.0.1.1,10.0.1.1,10.0.2.1"
70,1761477176.2718167,1761477178.8438723,2.5720555782318115,3,3,0.018567,197.980773,0,"10.0.1.1,10.0.2.1,10.0.2.1"
71,1761477178.8438728,1761477179.9364278,1.092555046081543,3,3,0.0137,202.692515,0,"10.0.1.1,10.0.2.1,10.0.1.1"
72,1761477179.936429,1761477182.4526334,2.516204357147217,3,3,0.024233,201.553751,0,"10.0.2.1,10.0.1.1,10.0.2.1"
73,1761477182.4526343,1761477184.0295422,1.5769078731536865,3,3,0.0108,192.754583,0,"10.0.1.1,10.0.2.1,10.0.1.1"
74,1761477184.0295427,1761477185.5194466,1.4899039268493652,3,3,0.011133,195.815716,0,"10.0.2.1,10.0.1.1,10.0.2.1"
75,1761477185.5194473,1761477186.589441,1.0699937343597412,3,3,0.010867,189.383661,0,"10.0.1.1,10.0.2.1,10.0.1.1"
76,1761477186.5894423,1761477188.608549,2.019106864929199,3,3,0.018033,195.967617,0,"10.0.2.1,10.0.1.1,10.0.2.1"
77,1761477188.608551,1761477190.7181315,2.1095805168151855,3,3,0.0199,192.636223,0,"10.0.1.1,10.0.2.1,10.0.1.1"
78,1761477190.718134,1761477191.667045,0.948911190032959,3,3,0.010233,210.32438,0,"10.0.2.1,10.0.1.1,10.0.2.1"
79,1761477191.667046,1761477194.2748725,2.6078264713287354,3,3,0.013533,198.372046,0,"10.0.1.1,10.0.2.1,10.0.1.1"
80,1761477194.274873,1761477195.266414,0.9915409088134766,3,3,0.015233,199.063143,0,"10.0.2.1,10.0.1.1,10.0.2.1"
81,1761477195.2664146,1761477197.3387418,2.072327136993408,3,3,0.010267,197.934879,0,"10.0.1.1,10.0.2.1,10.0.1.1"
82,1761477197.338743,1761477198.8174548,1.4787118434906006,3,3,0.0105,191.959718,0,"10.0.2.1,10.0.1.1,10.0.2.1"
83,1761477198.8174558,1761477200.423932,1.6064763069152832,3,3,0.022367,193.757718,0,"10.0.1.1,10.0.2.1,10.0.1.1"
84,1761477200.423933,1761477202.9048629,2.4809298515319824,3,3,0.013433,205.537962,0,"10.0.2.1,10.0.1.1,10.0.2.1"
85,1761477202.9048636,1761477203.5038955,0.599031925201416,3,3,0.013767,195.289477,0,"10.0.1.1,10.0.2.1,10.0.1.1"
86,1761477203.5038965,1761477204.9659367,1.4620401859283447,3,3,0.0102,199.976904,0,"10.0.2.1,10.0.1.1,10.0.2.1"
87,1761477204.9659374,1761477207.0768914,2.1109540462493896,3,3,0.017033,197.085251,0,"10.0.1.1,10.0.2.1,10.0.1.1"
88,1761477207.0768921,1761477209.0467262,1.9698340892791748,3,3,0.010833,189.345932,0,"10.0.2.1,10.0.1.1,10.0.2.1"
89,1761477209.0467288,1761477210.6479135,1.601184606552124,3,3,0.0102,196.148585,0,"10.0.1.1,10.0.2.1,10.0.1.1"
90,1761477210.6479154,1761477211.6179063,0.9699909687042236,3,3,0.0109,193.786704,0,"10.0.2.1,10.0.1.1,10.0.2.1"
91,1761477211.6179073,1761477214.760661,3.1427536010742188,3,3,0.0193,198.931413,0,"10.0.1.1,10.0.2.1,10.0.1.1"
92,1761477214.760663,1761477215.7319283,0.9712653160095215,3,3,0.013467,186.174891,0,"10.0.2.1,10.0.1.1,10.0.2.1"
93,1761477215.731929,1761477216.8101587,1.0782296657562256,3,3,0.010267,199.279146,0,"10.0.1.1,10.0.2.1,10.0.1.1"
94,1761477216.8101604,1761477218.8452647,2.035104274749756,3,3,0.014667,189.467016,0,"10.0.2.1,10.0.2.1,10.0.1.1"
95,1761477218.8452654,1761477220.9068944,2.061629056930542,3,3,0.0146,195.12591,0,"10.0.2.1,10.0.1.1,10.0.1.1"
96,1761477220.906895,1761477221.8555596,0.948664665222168,3,3,0.010267,192.61651,0,"10.0.2.1,10.0.1.1,10.0.2.1"
97,1761477221.8555608,1761477223.4579015,1.6023406982421875,3,3,0.013933,193.638035,0,"10.0.1.1,10.0.2.1,10.0.1.1"
98,1761477223.4579022,1761477224.999088,1.5411858558654785,3,3,0.014533,198.775066,0,"10.0.1.1,10.0.2.1,10.0.1.1"
99,1761477224.9990895,1761477227.5177927,2.5187032222747803,3,3,0.015467,186.138445,0,"10.0.2.1,10.0.1.1,10.0.2.1"
100,1761477227.5177934,1761477229.0883036,1.5705101490020752,3,3,0.013767,200.868257,0,"10.0.1.1,10.0.2.1,10.0.1.1"
101,1761477229.088304,1761477231.0715349,1.9832308292388916,3,3,0.0105,201.883599,0,"10.0.2.1,10.0.1.1,10.0.2.1"
102,1761477231.0715358,1761477233.1656501,2.094114303588867,3,3,0.018733,195.046166,0,"10.0.1.1,10.0.2.1,10.0.1.1"
103,1761477233.1656506,1761477234.1284537,0.9628031253814697,3,3,0.010167,198.953536,0,"10.0.2.1,10.0.1.1,10.0.2.1"
104,1761477234.128455,1761477236.7562196,2.6277647018432617,3,3,0.016833,199.209496,0,"10.0.1.1,10.0.2.1,10.0.1.1"
105,1761477236.7562208,1761477237.7399135,0.9836926460266113,3,3,0.011967,194.463313,0,"10.0.2.1,10.0.1.1,10.0.2.1"
106,1761477237.7399144,1761477239.8357239,2.0958094596862793,3,3,0.017133,192.213392,0,"10.0.1.1,10.0.2.1,10.0.1.1"
107,1761477239.8357244,1761477241.8284214,1.99269700050354,3,3,0.0102,192.560308,0,"10.0.2.1,10.0.1.1,10.0.2.1"
108,1761477241.828422,1761477243.4428856,1.6144635677337646,3,3,0.014967,195.188134,0,"10.0.1.1,10.0.2.1,10.0.1.1"
109,1761477243.4428864,1761477245.9210217,2.478135347366333,3,3,0.014733,198.483925,0,"10.0.2.1,10.0.1.1,10.0.2.1"
110,1761477245.9210234,1761477247.5359144,1.6148910522460938,3,3,0.0135,197.475667,0,"10.0.1.1,10.0.2.1,10.0.1.1"
111,1761477247.5359173,1761477249.48473,1.94881272315979,3,3,0.014033,197.359924,0,"10.0.2.1,10.0.1.1,10.0.2.1"
112,1761477249.484731,1761477251.6410732,2.1563422679901123,3,3,0.013967,186.632265,0,"10.0.1.1,10.0.2.1,10.0.1.1"
113,1761477251.6410742,1761477252.5989513,0.9578771591186523,3,3,0.015267,184.667648,0,"10.0.2.1,10.0.1.1,10.0.2.1"
114,1761477252.5989523,1761477255.2016356,2.6026833057403564,3,3,0.0102,192.758127,0,"10.0.1.1,10.0.2.1,10.0.1.1"
115,1761477255.2016363,1761477256.1615493,0.9599130153656006,3,3,0.021067,191.956754,0,"10.0.2.1,10.0.1.1,10.0.2.1"
116,1761477256.1615503,1761477258.2807136,2.1191632747650146,3,3,0.010367,197.405299,0,"10.0.1.1,10.0.2.1,10.0.1.1"
117,1761477258.2807145,1761477260.233789,1.9530744552612305,3,3,0.0169,196.81345,0,"10.0.2.1,10.0.1.1,10.0.2.1"
118,1761477260.2337897,1761477261.8797522,1.6459624767303467,3,3,0.016533,204.610505,0,"10.0.1.1,10.0.2.1,10.0.1.1"
119,1761477261.8797536,1761477263.9225063,2.042752742767334,3,3,0.014167,186.568186,0,"10.0.2.1,10.0.2.1,10.0.1.1"
120,1761477263.922507,1761477264.8721907,0.949683666229248,3,3,0.012933,189.740223,0,"10.0.2.1,10.0.1.1,10.0.2.1"
121,1761477264.8721917,1761477267.4876113,2.615419626235962,3,3,0.010267,188.197359,0,"10.0.1.1,10.0.2.1,10.0.1.1"
122,1761477267.487613,1761477268.461799,0.9741859436035156,3,3,0.017867,196.989966,0,"10.0.2.1,10.0.1.1,10.0.2.1"
123,1761477268.4617996,1761477270.6154737,2.1536741256713867,3,3,0.0102,203.996628,0,"10.0.1.1,10.0.2.1,10.0.1.1"
124,1761477270.6154742,1761477272.0460048,1.4305305480957031,3,3,0.011933,189.29345,0,"10.0.2.1,10.0.1.1,10.0.2.1"
125,1761477272.0460055,1761477273.6682804,1.6222748756408691,3,3,0.012333,196.829337,0,"10.0.1.1,10.0.2.1,10.0.1.1"
126,1761477273.6682813,1761477274.6055613,0.9372799396514893,3,3,0.011133,204.032999,0,"10.0.2.1,10.0.1.1,10.0.2.1"
127,1761477274.6055622,1761477276.243087,1.6375248432159424,3,3,0.0109,191.445076,0,"10.0.1.1,10.0.2.1,10.0.1.1"
128,1761477276.2430882,1761477277.18888,0.9457917213439941,3,3,0.0118,203.076066,0,"10.0.2.1,10.0.1.1,10.0.2.1"
129,1761477277.1888807,1761477279.304501,2.1156203746795654,3,3,0.0103,200.615834,0,"10.0.1.1,10.0.2.1,10.0.1.1"
130,1761477279.3045015,1761477280.3736372,1.0691356658935547,3,3,0.015433,200.188935,0,"10.0.1.1,10.0.2.1,10.0.1.1"
131,1761477280.3736382,1761477282.7823334,2.4086952209472656,3,3,0.013733,195.299054,0,"10.0.2.1,10.0.1.1,10.0.2.1"
132,1761477282.7823348,1761477284.365701,1.5833661556243896,3,3,0.011,191.020945,0,"10.0.2.1,10.0.1.1,10.0.2.1"
133,1761477284.3657043,1761477285.5069962,1.141291856765747,3,3,0.012167,193.266669,0,"10.0.1.1,10.0.2.1,10.0.1.1"
134,1761477285.5069985,1761477286.942805,1.4358065128326416,3,3,0.010233,200.787986,0,"10.0.2.1,10.0.1.1,10.0.2.1"
135,1761477286.9428067,1761477288.5702374,1.6274306774139404,3,3,0.013533,190.614386,0,"10.0.1.1,10.0.2.1,10.0.1.1"
136,1761477288.5702384,1761477291.0136507,2.4434123039245605,3,3,0.014267,198.380956,0,"10.0.2.1,10.0.1.1,10.0.2.1"
137,1761477291.0136516,1761477292.131398,1.117746353149414,3,3,0.010167,193.961424,0,"10.0.1.1,10.0.2.1,10.0.1.1"
138,1761477292.131399,1761477293.0682166,0.9368176460266113,3,3,0.0105,201.803145,0,"10.0.2.1,10.0.1.1,10.0.2.1"
139,1761477293.0682173,1761477296.195646,3.1274287700653076,3,3,0.0172,196.105329,0,"10.0.1.1,10.0.2.1,10.0.1.1"
140,1761477296.195647,1761477297.1408494,0.9452023506164551,3,3,0.0119,191.112819,0,"10.0.2.1,10.0.1.1,10.0.2.1"
141,1761477297.14085,1761477298.752637,1.6117868423461914,3,3,0.010233,195.718247,0,"10.0.1.1,10.0.2.1,10.0.1.1"
142,1761477298.7526402,1761477300.6975803,1.9449400901794434,3,3,0.010167,191.755292,0,"10.0.2.1,10.0.1.1,10.0.2.1"
143,1761477300.6975815,1761477302.8452508,2.1476693153381348,3,3,0.0198,192.727621,0,"10.0.1.1,10.0.2.1,10.0.1.1"
144,1761477302.8452523,1761477304.3182552,1.4730029106140137,3,3,0.0137,197.503351,0,"10.0.2.1,10.0.1.1,10.0.2.1"
145,1761477304.3182561,1761477305.3367624,1.0185062885284424,3,3,0.0149,189.500639,0,"10.0.1.1,10.0.1.1,10.0.2.1"
146,1761477305.3367634,1761477308.3868775,3.050114154815674,3,3,0.017633,196.509743,0,"10.0.1.1,10.0.2.1,10.0.2.1"
147,1761477308.386878,1761477309.411052,1.0241739749908447,3,3,0.0102,199.714809,0,"10.0.1.1,10.0.1.1,10.0.2.1"
148,1761477309.4110534,1761477311.029095,1.6180415153503418,3,3,0.0102,191.3668,0,"10.0.1.1,10.0.2.1,10.0.1.1"
149,1761477311.029096,1761477312.5638564,1.5347604751586914,3,3,0.013633,199.213393,0,"10.0.2.1,10.0.2.1,10.0.1.1"
150,1761477312.5638573,1761477315.1249378,2.5610804557800293,3,3,0.017533,192.140154,0,"10.0.1.1,10.0.2.1,10.0.1.1"
151,1761477315.1249397,1761477316.571724,1.446784257888794,3,3,0.017233,204.193435,0,"10.0.2.1,10.0.1.1,10.0.2.1"
152,1761477316.5717256,1761477319.2195837,2.647858142852783,3,3,0.015367,196.133142,0,"10.0.1.1,10.0.2.1,10.0.1.1"
153,1761477319.219585,1761477320.659416,1.439831018447876,3,3,0.013733,195.749243,0,"10.0.2.1,10.0.1.1,10.0.2.1"
154,1761477320.6594188,1761477322.2834878,1.6240689754486084,3,3,0.0102,201.020674,0,"10.0.1.1,10.0.2.1,10.0.1.1"
1,1761477493.6259935,1761477497.218004,3.592010498046875,3,3,0.023533,199.070743,0,"10.0.1.1,10.0.2.1,10.0.1.1"
2,1761477497.218005,1761477498.5799148,1.3619098663330078,3,3,0.0103,193.521277,0,"10.0.2.1,10.0.1.1,10.0.2.1"
3,1761477498.5799177,1761477501.2981987,2.7182810306549072,3,3,0.020533,193.142303,0,"10.0.1.1,10.0.2.1,10.0.1.1"
4,1761477501.2982001,1761477503.71014,2.411939859390259,3,3,0.022167,201.956673,0,"10.0.2.1,10.0.1.1,10.0.2.1"
5,1761477503.7101414,1761477505.3717775,1.6616361141204834,3,3,0.010367,196.894889,0,"10.0.1.1,10.0.2.1,10.0.1.1"
6,1761477505.371778,1761477507.828532,2.456753969192505,3,3,0.023667,188.022013,0,"10.0.2.1,10.0.1.1,10.0.2.1"
7,1761477507.8285327,1761477510.4494302,2.6208975315093994,3,3,0.013,205.418447,0,"10.0.1.1,10.0.2.1,10.0.1.1"
8,1761477510.4494317,1761477511.9812977,1.5318660736083984,3,3,0.017333,202.926669,0,"10.0.2.1,10.0.1.1,10.0.2.1"
9,1761477511.9812982,1761477515.534705,3.5534067153930664,3,3,0.020433,194.138726,0,"10.0.1.1,10.0.2.1,10.0.1.1"
10,1761477515.534706,1761477517.055202,1.520495891571045,3,3,0.013767,202.917303,0,"10.0.2.1,10.0.1.1,10.0.2.1"
11,1761477517.0552034,1761477519.612451,2.5572476387023926,3,3,0.016867,183.125284,0,"10.0.1.1,10.0.2.1,10.0.1.1"
12,1761477519.6124516,1761477522.1646996,2.552248001098633,3,3,0.017167,201.162903,0,"10.0.2.1,10.0.1.1,10.0.2.1"
13,1761477522.1647005,1761477523.6786642,1.5139636993408203,3,3,0.0139,192.931024,0,"10.0.1.1,10.0.2.1,10.0.1.1"
14,1761477523.6786664,1761477525.7110882,2.032421827316284,3,3,0.0193,204.900394,0,"10.0.2.1,10.0.2.1,10.0.1.1"
15,1761477525.7110894,1761477527.7422304,2.0311410427093506,3,3,0.0137,192.363695,0,"10.0.2.1,10.0.2.1,10.0.1.1"
16,1761477527.7422311,1761477528.764626,1.0223948955535889,3,3,0.010367,201.885664,0,"10.0.2.1,10.0.2.1,10.0.1.1"
17,1761477528.7646272,1761477530.3754406,1.6108133792877197,3,3,0.010267,191.876692,0,"10.0.2.1,10.0.1.1,10.0.2.1"
18,1761477530.3754413,1761477532.4264,2.0509586334228516,3,3,0.0204,192.04711,0,"10.0.1.1,10.0.2.1,10.0.2.1"
19,1761477532.4264016,1761477534.8749316,2.4485299587249756,3,3,0.010333,197.601509,0,"10.0.1.1,10.0.2.1,10.0.1.1"
20,1761477534.8749354,1761477536.0184076,1.1434721946716309,3,3,0.019,199.056989,0,"10.0.2.1,10.0.1.1,10.0.2.1"
21,1761477536.0184093,1761477538.0968142,2.0784049034118652,3,3,0.014633,204.093923,0,"10.0.2.1,10.0.1.1,10.0.2.1"
22,1761477538.096816,1761477540.1284363,2.0316202640533447,3,3,0.0135,190.122417,0,"10.0.2.1,10.0.1.1,10.0.2.1"
23,1761477540.1284368,1761477541.1637654,1.0353286266326904,3,3,0.010333,189.23568,0,"10.0.2.1,10.0.1.1,10.0.2.1"
24,1761477541.1637678,1761477544.0460134,2.8822455406188965,3,3,0.017033,202.007302,0,"10.0.1.1,10.0.2.1,10.0.1.1"
25,1761477544.0460143,1761477546.065279,2.0192646980285645,3,3,0.015967,196.367682,0,"10.0.2.1,10.0.2.1,10.0.1.1"
26,1761477546.0652816,1761477547.282133,1.2168514728546143,3,3,0.010233,205.81246,0,"10.0.2.1,10.0.1.1,10.0.2.1"
27,1761477547.282134,1761477548.821591,1.539456844329834,3,3,0.0143,190.533383,0,"10.0.1.1,10.0.2.1,10.0.2.1"
28,1761477548.8215919,1761477550.8633595,2.0417675971984863,3,3,0.013467,185.548317,0,"10.0.1.1,10.0.2.1,10.0.2.1"
29,1761477550.8633604,1761477552.9018729,2.0385124683380127,3,3,0.013633,194.05839,0,"10.0.1.1,10.0.2.1,10.0.2.1"
30,1761477552.9018738,1761477554.2177744,1.3159005641937256,3,3,0.010267,199.702825,0,"10.0.1.1,10.0.2.1,10.0.1.1"
31,1761477554.2177777,1761477556.4874294,2.2696516513824463,3,3,0.017667,201.062667,0,"10.0.2.1,10.0.1.1,10.0.2.1"
1,1761477584.4538188,1761477588.1194181,3.6655993461608887,3,3,0.024933,199.082176,0,"10.0.1.1,10.0.2.1,10.0.1.1"
2,1761477588.1194205,1761477589.3884332,1.269012689590454,3,3,0.0105,201.681366,0,"10.0.2.1,10.0.1.1,10.0.2.1"
3,1761477589.388434,1761477592.1870046,2.7985706329345703,3,3,0.020167,197.620034,0,"10.0.1.1,10.0.2.1,10.0.1.1"
4,1761477592.1870053,1761477594.4831696,2.2961642742156982,3,3,0.0205,193.095826,0,"10.0.2.1,10.0.1.1,10.0.2.1"
5,1761477594.4831705,1761477596.2510698,1.7678992748260498,3,3,0.010333,198.848694,0,"10.0.1.1,10.0.2.1,10.0.1.1"
6,1761477596.251072,1761477598.5691955,2.3181235790252686,3,3,0.024133,195.681094,0,"10.0.2.1,10.0.1.1,10.0.2.1"
7,1761477598.5691965,1761477601.3333788,2.7641823291778564,3,3,0.0105,194.845974,0,"10.0.1.1,10.0.2.1,10.0.1.1"
8,1761477601.3333795,1761477602.6402853,1.306905746459961,3,3,0.016967,190.796028,0,"10.0.2.1,10.0.1.1,10.0.2.1"
9,1761477602.6402862,1761477606.4148946,3.7746083736419678,3,3,0.021733,198.97934,0,"10.0.1.1,10.0.2.1,10.0.1.1"
10,1761477606.4148974,1761477607.7709255,1.3560280799865723,3,3,0.014367,198.930284,0,"10.0.2.1,10.0.1.1,10.0.2.1"
11,1761477607.7709262,1761477610.491737,2.720810651779175,3,3,0.017867,189.721243,0,"10.0.1.1,10.0.2.1,10.0.1.1"
12,1761477610.4917376,1761477612.8523798,2.360642194747925,3,3,0.017233,196.480813,0,"10.0.2.1,10.0.1.1,10.0.2.1"
13,1761477612.8523827,1761477614.5519462,1.6995635032653809,3,3,0.014667,191.434762,0,"10.0.1.1,10.0.2.1,10.0.1.1"
14,1761477614.551947,1761477616.9810567,2.429109573364258,3,3,0.020133,197.18637,0,"10.0.2.1,10.0.1.1,10.0.2.1"
15,1761477616.981058,1761477619.6211085,2.6400506496429443,3,3,0.016967,191.45337,0,"10.0.1.1,10.0.2.1,10.0.1.1"
16,1761477619.6211092,1761477621.0578635,1.4367542266845703,3,3,0.010167,194.172317,0,"10.0.2.1,10.0.1.1,10.0.2.1"
17,1761477621.0578642,1761477624.711621,3.653756856918335,3,3,0.0242,198.346039,0,"10.0.1.1,10.0.2.1,10.0.1.1"
18,1761477624.7116225,1761477626.1815224,1.4698998928070068,3,3,0.011433,209.63963,0,"10.0.2.1,10.0.1.1,10.0.2.1"
19,1761477626.1815238,1761477627.2268085,1.0452847480773926,3,3,0.014033,194.142823,0,"10.0.2.1,10.0.1.1,10.0.2.1"
20,1761477627.2268093,1761477630.8148587,3.5880494117736816,3,3,0.019333,190.415221,0,"10.0.1.1,10.0.2.1,10.0.2.1"
21,1761477630.8148599,1761477631.8590963,1.044236421585083,3,3,0.017633,188.345866,0,"10.0.1.1,10.0.2.1,10.0.2.1"
22,1761477631.859097,1761477633.374804,1.515707015991211,3,3,0.0102,194.647275,0,"10.0.1.1,10.0.1.1,10.0.2.1"
23,1761477633.3748047,1761477635.4360535,2.061248779296875,3,3,0.020267,194.47602,0,"10.0.2.1,10.0.1.1,10.0.2.1"
24,1761477635.4360542,1761477637.9814372,2.5453829765319824,3,3,0.010967,194.206676,0,"10.0.1.1,10.0.2.1,10.0.1.1"
25,1761477637.9814405,1761477639.029448,1.0480074882507324,3,3,0.016567,194.928087,0,"10.0.2.1,10.0.1.1,10.0.1.1"
26,1761477639.029449,1761477641.0619962,2.0325472354888916,3,3,0.0144,200.69686,0,"10.0.2.1,10.0.2.1,10.0.1.1"
27,1761477641.061997,1761477642.5868115,1.5248146057128906,3,3,0.011033,197.732634,0,"10.0.2.1,10.0.2.1,10.0.1.1"
28,1761477642.5868132,1761477643.654502,1.0676887035369873,3,3,0.010333,199.035271,0,"10.0.1.1,10.0.2.1,10.0.2.1"
29,1761477643.6545029,1761477645.1479976,1.4934947490692139,3,3,0.010967,191.980211,0,"10.0.1.1,10.0.2.1,10.0.1.1"
30,1761477645.1479986,1761477647.2186444,2.070645809173584,3,3,0.017433,194.933202,0,"10.0.2.1,10.0.1.1,10.0.1.1"
31,1761477647.2186453,1761477649.2463183,2.0276730060577393,3,3,0.0139,198.359155,0,"10.0.2.1,10.0.2.1,10.0.1.1"
32,1761477649.2463188,1761477650.2692275,1.0229086875915527,3,3,0.0104,191.785352,0,"10.0.2.1,10.0.1.1,10.0.2.1"
33,1761477650.2692282,1761477651.3108256,1.0415973663330078,3,3,0.0104,202.565906,0,"10.0.1.1,10.0.2.1,10.0.1.1"
34,1761477651.3108263,1761477653.3246367,2.013810396194458,3,3,0.010867,194.804663,0,"10.0.2.1,10.0.1.1,10.0.2.1"
35,1761477653.3246381,1761477654.8616624,1.5370242595672607,3,3,0.010267,191.864822,0,"10.0.1.1,10.0.2.1,10.0.1.1"
36,1761477654.8616633,1761477655.885826,1.024162769317627,3,3,0.010333,191.217225,0,"10.0.2.1,10.0.1.1,10.0.2.1"
37,1761477655.8858268,1761477657.435245,1.5494182109832764,3,3,0.010467,195.451045,0,"10.0.1.1,10.0.2.1,10.0.1.1"
38,1761477657.435246,1761477659.4812186,2.0459725856781006,3,3,0.017133,189.036905,0,"10.0.2.1,10.0.1.1,10.0.2.1"
39,1761477659.4812193,1761477661.5097349,2.028515577316284,3,3,0.010433,207.152171,0,"10.0.1.1,10.0.2.1,10.0.1.1"
40,1761477661.5097384,1761477662.5361073,1.0263688564300537,3,3,0.0106,191.897797,0,"10.0.2.1,10.0.1.1,10.0.2.1"
41,1761477662.5361078,1761477663.5796576,1.0435497760772705,3,3,0.010733,202.151207,0,"10.0.1.1,10.0.2.1,10.0.1.1"
42,1761477663.5796585,1761477665.5928638,2.0132052898406982,3,3,0.0104,197.372791,0,"10.0.2.1,10.0.1.1,10.0.2.1"
43,1761477665.5928648,1761477667.1913428,1.598478078842163,3,3,0.0108,194.509233,0,"10.0.1.1,10.0.2.1,10.0.1.1"
44,1761477667.1913445,1761477668.1588738,0.967529296875,3,3,0.010433,210.060372,0,"10.0.2.1,10.0.1.1,10.0.2.1"
45,1761477668.1588745,1761477669.744937,1.5860624313354492,3,3,0.010133,197.848923,0,"10.0.1.1,10.0.2.1,10.0.1.1"
46,1761477669.7449389,1761477671.2738986,1.5289597511291504,3,3,0.014133,193.583548,0,"10.0.2.1,10.0.2.1,10.0.1.1"
47,1761477671.2738993,1761477672.270268,0.9963686466217041,3,3,0.010233,197.785797,0,"10.0.2.1,10.0.1.1,10.0.2.1"
48,1761477672.2702687,1761477674.3260403,2.055771589279175,3,3,0.012367,196.297598,0,"10.0.1.1,10.0.2.1,10.0.1.1"
49,1761477674.3260415,1761477675.351883,1.025841474533081,3,3,0.010133,204.370189,0,"10.0.2.1,10.0.2.1,10.0.1.1"
50,1761477675.3518834,1761477677.4104688,2.0585854053497314,3,3,0.011867,194.167503,0,"10.0.1.1,10.0.2.1,10.0.1.1"
51,1761477677.4104695,1761477678.4162407,1.0057711601257324,3,3,0.011233,193.515798,0,"10.0.2.1,10.0.1.1,10.0.2.1"
52,1761477678.4162414,1761477679.9634032,1.5471618175506592,3,3,0.0106,203.449409,0,"10.0.2.1,10.0.1.1,10.0.1.1"
53,1761477679.9634042,1761477680.9956188,1.032214641571045,3,3,0.011767,195.297708,0,"10.0.2.1,10.0.1.1,10.0.2.1"
54,1761477680.99562,1761477683.5334618,2.537841796875,3,3,0.0103,194.315673,0,"10.0.1.1,10.0.2.1,10.0.2.1"
55,1761477683.5334623,1761477684.0566356,0.5231733322143555,3,3,0.013667,197.133167,0,"10.0.1.1,10.0.2.1,10.0.1.1"
56,1761477684.056636,1761477686.5949233,2.5382871627807617,3,3,0.0108,197.131768,0,"10.0.2.1,10.0.1.1,10.0.2.1"
57,1761477686.594924,1761477687.137954,0.5430300235748291,3,3,0.0104,198.257963,0,"10.0.1.1,10.0.2.1,10.0.1.1"
58,1761477687.1379552,1761477688.6707158,1.5327606201171875,3,3,0.010533,193.683407,0,"10.0.2.1,10.0.1.1,10.0.2.1"
59,1761477688.6707172,1761477690.1901677,1.5194504261016846,3,3,0.010333,196.451434,0,"10.0.1.1,10.0.2.1,10.0.1.1"
60,1761477690.1901684,1761477691.7436516,1.553483247756958,3,3,0.010867,194.361646,0,"10.0.2.1,10.0.1.1,10.0.2.1"
61,1761477691.7436526,1761477692.7618487,1.0181961059570312,3,3,0.0104,191.44957,0,"10.0.1.1,10.0.2.1,10.0.1.1"
62,1761477692.7618494,1761477694.8026724,2.040822982788086,3,3,0.010233,192.905633,0,"10.0.2.1,10.0.1.1,10.0.2.1"
63,1761477694.802673,1761477695.823921,1.0212478637695312,3,3,0.012067,186.701423,0,"10.0.1.1,10.0.1.1,10.0.2.1"
64,1761477695.8239214,1761477696.89246,1.0685386657714844,3,3,0.011067,200.434682,0,"10.0.1.1,10.0.2.1,10.0.2.1"
65,1761477696.8924606,1761477698.9201598,2.0276992321014404,3,3,0.014133,200.246181,0,"10.0.1.1,10.0.1.1,10.0.2.1"
66,1761477698.9201605,1761477700.4113245,1.491163969039917,3,3,0.010367,188.405767,0,"10.0.1.1,10.0.2.1,10.0.1.1"
67,1761477700.4113255,1761477701.9941204,1.5827949047088623,3,3,0.010833,200.589336,0,"10.0.2.1,10.0.1.1,10.0.2.1"
68,1761477701.9941237,1761477703.4853578,1.4912340641021729,3,3,0.010433,197.235729,0,"10.0.1.1,10.0.2.1,10.0.1.1"
69,1761477703.485359,1761477705.024536,1.5391769409179688,3,3,0.0103,200.694929,0,"10.0.2.1,10.0.1.1,10.0.1.1"
70,1761477705.0245366,1761477707.0809093,2.05637264251709,3,3,0.013833,194.133836,0,"10.0.2.1,10.0.1.1,10.0.2.1"
71,1761477707.08091,1761477708.1119459,1.0310359001159668,3,3,0.0135,192.682416,0,"10.0.1.1,10.0.1.1,10.0.2.1"
72,1761477708.1119466,1761477710.6600919,2.548145294189453,3,3,0.015933,191.250792,0,"10.0.1.1,10.0.2.1,10.0.1.1"
73,1761477710.6600926,1761477711.7036207,1.0435280799865723,3,3,0.015,197.631717,0,"10.0.2.1,10.0.1.1,10.0.2.1"
74,1761477711.7036211,1761477713.2464116,1.542790412902832,3,3,0.010667,196.148709,0,"10.0.1.1,10.0.1.1,10.0.2.1"
75,1761477713.2464123,1761477714.7866817,1.540269374847412,3,3,0.0102,194.788728,0,"10.0.2.1,10.0.1.1,10.0.1.1"
76,1761477714.7866838,1761477715.8055542,1.0188703536987305,3,3,0.010133,192.329468,0,"10.0.2.1,10.0.1.1,10.0.2.1"
77,1761477715.8055549,1761477717.338945,1.5333900451660156,3,3,0.014,194.55039,0,"10.0.1.1,10.0.2.1,10.0.1.1"
78,1761477717.3389459,1761477719.8798027,2.5408568382263184,3,3,0.0103,185.266905,0,"10.0.1.1,10.0.2.1,10.0.1.1"
79,1761477719.8798032,1761477720.3987312,0.518928050994873,3,3,0.0117,194.451759,0,"10.0.2.1,10.0.2.1,10.0.1.1"
80,1761477720.3987317,1761477722.9380715,2.539339780807495,3,3,0.012033,191.973766,0,"10.0.1.1,10.0.2.1,10.0.1.1"
81,1761477722.938072,1761477723.9849465,1.0468745231628418,3,3,0.015433,197.683241,0,"10.0.1.1,10.0.2.1,10.0.1.1"
82,1761477723.9849472,1761477725.526404,1.541456699371338,3,3,0.0116,194.016565,0,"10.0.2.1,10.0.1.1,10.0.2.1"
83,1761477725.5264046,1761477727.0446243,1.5182197093963623,3,3,0.0103,196.40057,0,"10.0.1.1,10.0.2.1,10.0.1.1"
84,1761477727.044625,1761477728.0767016,1.0320765972137451,3,3,0.010733,190.240293,0,"10.0.2.1,10.0.1.1,10.0.2.1"
85,1761477728.0767038,1761477731.1398685,3.063164710998535,3,3,0.018133,193.010212,0,"10.0.1.1,10.0.2.1,10.0.1.1"
86,1761477731.139869,1761477732.1751487,1.0352797508239746,3,3,0.012533,195.812714,0,"10.0.2.1,10.0.1.1,10.0.2.1"
87,1761477732.1751497,1761477733.212402,1.037252426147461,3,3,0.011333,192.979971,0,"10.0.1.1,10.0.2.1,10.0.1.1"
88,1761477733.212403,1761477735.7642379,2.55183482170105,3,3,0.013933,199.945682,0,"10.0.2.1,10.0.1.1,10.0.1.1"
89,1761477735.7642384,1761477737.3006058,1.536367416381836,3,3,0.0148,208.003569,0,"10.0.2.1,10.0.2.1,10.0.1.1"
90,1761477737.3006077,1761477738.8434122,1.542804479598999,3,3,0.0102,196.771548,0,"10.0.2.1,10.0.1.1,10.0.2.1"
91,1761477738.8434126,1761477739.863531,1.0201184749603271,3,3,0.012033,196.45818,0,"10.0.1.1,10.0.2.1,10.0.1.1"
92,1761477739.8635316,1761477741.9235468,2.0600152015686035,3,3,0.0181,186.685673,0,"10.0.2.1,10.0.1.1,10.0.2.1"
93,1761477741.9235477,1761477743.9585595,2.0350117683410645,3,3,0.0123,196.680857,0,"10.0.1.1,10.0.2.1,10.0.1.1"
94,1761477743.9585602,1761477745.0050476,1.0464873313903809,3,3,0.012367,200.721426,0,"10.0.2.1,10.0.1.1,10.0.2.1"
95,1761477745.0050483,1761477747.5159054,2.510857105255127,3,3,0.014567,200.640847,0,"10.0.1.1,10.0.2.1,10.0.1.1"
96,1761477747.515906,1761477748.5801332,1.0642271041870117,3,3,0.0142,194.700077,0,"10.0.1.1,10.0.2.1,10.0.2.1"
97,1761477748.580134,1761477750.5668564,1.986722469329834,3,3,0.0102,203.674271,0,"10.0.1.1,10.0.2.1,10.0.1.1"
98,1761477750.5668569,1761477752.11583,1.5489730834960938,3,3,0.012833,205.047322,0,"10.0.2.1,10.0.1.1,10.0.1.1"
99,1761477752.1158304,1761477753.646579,1.5307486057281494,3,3,0.013633,210.953041,0,"10.0.2.1,10.0.2.1,10.0.1.1"
100,1761477753.6465797,1761477756.1938674,2.547287702560425,3,3,0.013733,195.22495,0,"10.0.2.1,10.0.1.1,10.0.1.1"
101,1761477756.1938684,1761477757.2716327,1.0777642726898193,3,3,0.014667,194.487531,0,"10.0.2.1,10.0.1.1,10.0.2.1"
102,1761477757.2716336,1761477759.8206127,2.5489790439605713,3,3,0.014,194.37497,0,"10.0.1.1,10.0.2.1,10.0.1.1"
103,1761477759.8206131,1761477761.902188,2.0815749168395996,3,3,0.018833,199.261765,0,"10.0.1.1,10.0.2.1,10.0.1.1"
104,1761477761.9021888,1761477762.9162989,1.0141100883483887,3,3,0.0101,192.714622,0,"10.0.2.1,10.0.2.1,10.0.1.1"
105,1761477762.9162998,1761477764.4651809,1.5488810539245605,3,3,0.015133,196.998956,0,"10.0.1.1,10.0.2.1,10.0.1.1"
106,1761477764.465182,1761477766.4918628,2.0266807079315186,3,3,0.014333,199.601057,0,"10.0.2.1,10.0.1.1,10.0.2.1"
107,1761477766.4918642,1761477768.549241,2.0573768615722656,3,3,0.014267,192.785347,0,"10.0.1.1,10.0.2.1,10.0.1.1"
108,1761477768.549242,1761477770.0911658,1.5419237613677979,3,3,0.010433,195.976944,0,"10.0.2.1,10.0.1.1,10.0.1.1"
109,1761477770.0911663,1761477772.1190796,2.0279133319854736,3,3,0.013967,190.642234,0,"10.0.2.1,10.0.2.1,10.0.1.1"
110,1761477772.1190808,1761477774.1588,2.0397191047668457,3,3,0.0139,197.219879,0,"10.0.1.1,10.0.2.1,10.0.1.1"
111,1761477774.1588008,1761477775.1798801,1.0210793018341064,3,3,0.011067,194.656414,0,"10.0.2.1,10.0.2.1,10.0.1.1"
112,1761477775.1798813,1761477778.235391,3.055509567260742,3,3,0.016867,187.246619,0,"10.0.1.1,10.0.2.1,10.0.2.1"
113,1761477778.2353919,1761477780.269301,2.0339090824127197,3,3,0.016967,191.346874,0,"10.0.1.1,10.0.2.1,10.0.1.1"
114,1761477780.2693017,1761477781.3082285,1.0389268398284912,3,3,0.014133,190.198476,0,"10.0.2.1,10.0.1.1,10.0.2.1"
115,1761477781.3082297,1761477784.3688245,3.0605947971343994,3,3,0.010467,193.713798,0,"10.0.1.1,10.0.2.1,10.0.2.1"
116,1761477784.3688254,1761477786.4181736,2.0493481159210205,3,3,0.021367,191.6274,0,"10.0.1.1,10.0.2.1,10.0.1.1"
117,1761477786.4181745,1761477787.459061,1.040886402130127,3,3,0.012133,188.893144,0,"10.0.2.1,10.0.1.1,10.0.2.1"
118,1761477787.4590619,1761477789.9897141,2.5306522846221924,3,3,0.0181,190.803621,0,"10.0.1.1,10.0.2.1,10.0.1.1"
119,1761477789.989715,1761477791.0470483,1.05733323097229,3,3,0.013333,199.106957,0,"10.0.2.1,10.0.1.1,10.0.2.1"
120,1761477791.0470493,1761477793.0969498,2.049900531768799,3,3,0.017467,188.329691,0,"10.0.1.1,10.0.2.1,10.0.1.1"
121,1761477793.0969505,1761477795.1407235,2.0437729358673096,3,3,0.010333,192.04478,0,"10.0.2.1,10.0.1.1,10.0.2.1"
122,1761477795.1407242,1761477796.6996443,1.55892014503479,3,3,0.0147,189.821969,0,"10.0.1.1,10.0.2.1,10.0.1.1"
123,1761477796.6996455,1761477799.2264218,2.5267763137817383,3,3,0.014133,199.032915,0,"10.0.2.1,10.0.1.1,10.0.2.1"
124,1761477799.2264225,1761477800.7596536,1.5332310199737549,3,3,0.011933,195.350086,0,"10.0.1.1,10.0.2.1,10.0.2.1"
125,1761477800.7596543,1761477802.2937596,1.5341053009033203,3,3,0.013867,193.386957,0,"10.0.1.1,10.0.2.1,10.0.1.1"
126,1761477802.29376,1761477803.3469338,1.0531737804412842,3,3,0.011333,199.550192,0,"10.0.2.1,10.0.1.1,10.0.2.1"
127,1761477803.3469346,1761477805.3729258,2.025991201400757,3,3,0.013967,198.343511,0,"10.0.1.1,10.0.2.1,10.0.1.1"
128,1761477805.372927,1761477806.8930283,1.5201013088226318,3,3,0.010933,203.850545,0,"10.0.2.1,10.0.2.1,10.0.1.1"
129,1761477806.893029,1761477808.941041,2.0480120182037354,3,3,0.0146,192.680579,0,"10.0.2.1,10.0.1.1,10.0.1.1"
130,1761477808.9410415,1761477810.9620287,2.0209872722625732,3,3,0.013933,199.949481,0,"10.0.2.1,10.0.2.1,10.0.1.1"
131,1761477810.9620302,1761477812.0135856,1.0515553951263428,3,3,0.011733,190.19744,0,"10.0.1.1,10.0.2.1,10.0.2.1"
132,1761477812.0135865,1761477813.5532925,1.5397059917449951,3,3,0.0143,187.399463,0,"10.0.1.1,10.0.2.1,10.0.2.1"
133,1761477813.5532932,1761477815.0756242,1.5223309993743896,3,3,0.010533,190.695681,0,"10.0.1.1,10.0.1.1,10.0.2.1"
134,1761477815.0756254,1761477817.1379473,2.062321901321411,3,3,0.014233,183.448874,0,"10.0.2.1,10.0.1.1,10.0.2.1"
135,1761477817.1379483,1761477818.177068,1.0391197204589844,3,3,0.010733,188.286195,0,"10.0.1.1,10.0.2.1,10.0.2.1"
136,1761477818.1770687,1761477820.6101973,2.433128595352173,3,3,0.0101,186.375089,0,"10.0.1.1,10.0.2.1,10.0.1.1"
137,1761477820.610198,1761477821.749418,1.1392199993133545,3,3,0.017933,191.139761,0,"10.0.1.1,10.0.2.1,10.0.2.1"
138,1761477821.7494187,1761477823.7751207,2.0257019996643066,3,3,0.0108,199.271229,0,"10.0.1.1,10.0.1.1,10.0.2.1"
139,1761477823.7751215,1761477825.3230364,1.547914981842041,3,3,0.0138,190.041886,0,"10.0.2.1,10.0.1.1,10.0.2.1"
140,1761477825.3230371,1761477827.2191033,1.8960661888122559,3,3,0.010267,199.107522,0,"10.0.2.1,10.0.1.1,10.0.1.1"
141,1761477827.219104,1761477829.2489924,2.029888391494751,3,3,0.014533,196.174923,0,"10.0.2.1,10.0.2.1,10.0.1.1"
142,1761477829.2489948,1761477829.9372997,0.6883049011230469,3,3,0.0118,185.430557,0,"10.0.2.1,10.0.1.1,10.0.2.1"
143,1761477829.937301,1761477831.9947002,2.057399272918701,3,3,0.0109,205.628568,0,"10.0.2.1,10.0.1.1,10.0.2.1"
144,1761477831.9947011,1761477833.3340402,1.339339017868042,3,3,0.014,198.339464,0,"10.0.1.1,10.0.2.1,10.0.1.1"
145,1761477833.3340437,1761477835.3535943,2.0195505619049072,3,3,0.010767,194.48703,0,"10.0.2.1,10.0.2.1,10.0.1.1"
146,1761477835.3535948,1761477837.3966248,2.043030023574829,3,3,0.016933,197.684036,0,"10.0.1.1,10.0.2.1,10.0.1.1"
147,1761477837.396626,1761477838.9149544,1.5183284282684326,3,3,0.011167,195.465841,0,"10.0.2.1,10.0.2.1,10.0.1.1"
148,1761477838.9149556,1761477840.1796663,1.2647106647491455,3,3,0.010733,193.953521,0,"10.0.2.1,10.0.1.1,10.0.2.1"
149,1761477840.1796672,1761477841.970605,1.7909376621246338,3,3,0.017433,203.476322,0,"10.0.1.1,10.0.2.1,10.0.1.1"
150,1761477841.9706059,1761477844.297872,2.327266216278076,3,3,0.013833,196.949403,0,"10.0.2.1,10.0.1.1,10.0.2.1"
151,1761477844.2978728,1761477846.0300193,1.7321465015411377,3,3,0.017667,195.587079,0,"10.0.1.1,10.0.2.1,10.0.1.1"
152,1761477846.0300207,1761477848.4126513,2.3826305866241455,3,3,0.018767,198.683296,0,"10.0.2.1,10.0.1.1,10.0.2.1"
153,1761477848.412652,1761477850.0901277,1.6774756908416748,3,3,0.010267,190.736097,0,"10.0.1.1,10.0.2.1,10.0.1.1"
154,1761477850.0901282,1761477851.4665132,1.376384973526001,3,3,0.010767,199.584165,0,"10.0.2.1,10.0.1.1,10.0.2.1"
155,1761477851.466514,1761477853.1321375,1.665623426437378,3,3,0.010433,200.63427,0,"10.0.1.1,10.0.2.1,10.0.1.1"
156,1761477853.1321383,1761477854.560442,1.4283037185668945,3,3,0.017867,200.110547,0,"10.0.2.1,10.0.1.1,10.0.2.1"
157,1761477854.5604424,1761477857.20554,2.645097494125366,3,3,0.0136,185.070015,0,"10.0.1.1,10.0.2.1,10.0.1.1"
158,1761477857.2055407,1761477858.6383357,1.4327950477600098,3,3,0.013533,198.979053,0,"10.0.2.1,10.0.1.1,10.0.2.1"
159,1761477858.6383364,1761477861.2616544,2.6233179569244385,3,3,0.017933,200.215584,0,"10.0.1.1,10.0.2.1,10.0.1.1"
160,1761477861.2616549,1761477862.7289214,1.46726655960083,3,3,0.0103,202.25048,0,"10.0.2.1,10.0.1.1,10.0.2.1"
161,1761477862.7289221,1761477864.3182557,1.5893335342407227,3,3,0.010267,192.730751,0,"10.0.1.1,10.0.2.1,10.0.1.1"
162,1761477864.3182566,1761477865.791882,1.4736254215240479,3,3,0.010167,190.383234,0,"10.0.2.1,10.0.1.1,10.0.2.1"
163,1761477865.7918828,1761477868.3775842,2.5857014656066895,3,3,0.0171,193.171052,0,"10.0.1.1,10.0.2.1,10.0.1.1"
164,1761477868.377585,1761477869.8781142,1.5005292892456055,3,3,0.017133,198.866415,0,"10.0.2.1,10.0.1.1,10.0.2.1"
165,1761477869.8781147,1761477872.4486065,2.5704917907714844,3,3,0.013567,193.813689,0,"10.0.1.1,10.0.2.1,10.0.1.1"
166,1761477872.4486072,1761477873.9602144,1.5116071701049805,3,3,0.013867,200.486084,0,"10.0.2.1,10.0.1.1,10.0.2.1"
167,1761477873.960215,1761477875.5100963,1.5498812198638916,3,3,0.012233,197.463193,0,"10.0.1.1,10.0.2.1,10.0.1.1"
168,1761477875.5100968,1761477877.049514,1.5394172668457031,3,3,0.012933,201.018406,0,"10.0.2.1,10.0.1.1,10.0.2.1"
169,1761477877.049515,1761477878.5782154,1.528700351715088,3,3,0.0136,195.526381,0,"10.0.1.1,10.0.2.1,10.0.1.1"
170,1761477878.5782166,1761477881.1347806,2.5565640926361084,3,3,0.013833,201.972632,0,"10.0.2.1,10.0.1.1,10.0.2.1"
171,1761477881.1347814,1761477882.6435158,1.5087344646453857,3,3,0.017433,199.874505,0,"10.0.1.1,10.0.2.1,10.0.1.1"
172,1761477882.6435163,1761477885.2521172,2.6086008548736572,3,3,0.017667,196.618982,0,"10.0.2.1,10.0.1.1,10.0.2.1"
173,1761477885.252118,1761477886.7107131,1.4585950374603271,3,3,0.010533,185.142686,0,"10.0.1.1,10.0.2.1,10.0.1.1"
174,1761477886.7107136,1761477888.315114,1.604400396347046,3,3,0.010733,206.015055,0,"10.0.2.1,10.0.1.1,10.0.2.1"
175,1761477888.3151147,1761477889.7540126,1.4388978481292725,3,3,0.010667,196.50864,0,"10.0.1.1,10.0.2.1,10.0.1.1"
176,1761477889.7540133,1761477891.4008577,1.6468443870544434,3,3,0.018467,198.142243,0,"10.0.2.1,10.0.1.1,10.0.2.1"
177,1761477891.4008584,1761477893.8247995,2.423941135406494,3,3,0.0135,192.467401,0,"10.0.1.1,10.0.2.1,10.0.1.1"
178,1761477893.8248,1761477894.8407314,1.0159313678741455,3,3,0.016967,197.968147,0,"10.0.2.1,10.0.2.1,10.0.1.1"
179,1761477894.840732,1761477897.0729866,2.2322545051574707,3,3,0.013533,185.63585,0,"10.0.2.1,10.0.1.1,10.0.2.1"
180,1761477897.072987,1761477898.1299515,1.05696439743042,3,3,0.010233,189.922277,0,"10.0.2.1,10.0.1.1,10.0.2.1"
181,1761477898.1299522,1761477899.9159195,1.7859673500061035,3,3,0.010167,198.303715,0,"10.0.1.1,10.0.2.1,10.0.1.1"
182,1761477899.91592,1761477901.681588,1.7656679153442383,3,3,0.0102,189.563415,0,"10.0.2.1,10.0.1.1,10.0.2.1"
183,1761477901.6815884,1761477902.9721656,1.2905771732330322,3,3,0.013533,202.83396,0,"10.0.1.1,10.0.2.1,10.0.1.1"
184,1761477902.972167,1761477904.9892592,2.017092227935791,3,3,0.012167,191.56471,0,"10.0.2.1,10.0.2.1,10.0.1.1"
185,1761477904.9892612,1761477906.295415,1.3061537742614746,3,3,0.017067,189.110238,0,"10.0.2.1,10.0.1.1,10.0.2.1"
186,1761477906.295416,1761477909.0577292,2.7623131275177,3,3,0.013633,193.047961,0,"10.0.1.1,10.0.2.1,10.0.1.1"
187,1761477909.0577297,1761477910.071941,1.0142111778259277,3,3,0.0113,199.895911,0,"10.0.2.1,10.0.2.1,10.0.1.1"
188,1761477910.0719416,1761477911.9305959,1.858654260635376,3,3,0.011267,194.685411,0,"10.0.2.1,10.0.1.1,10.0.2.1"
189,1761477911.9305968,1761477913.6311476,1.7005507946014404,3,3,0.010233,203.78053,0,"10.0.1.1,10.0.2.1,10.0.1.1"
190,1761477913.6311524,1761477914.4771845,0.8460321426391602,3,3,0.010233,188.048751,0,"10.0.2.1,10.0.1.1,10.0.2.1"
191,1761477914.4771852,1761477916.0341842,1.5569989681243896,3,3,0.020467,198.369058,0,"10.0.1.1,10.0.2.1,10.0.2.1"
192,1761477916.0341847,1761477918.2341464,2.1999616622924805,3,3,0.013567,199.387643,0,"10.0.1.1,10.0.2.1,10.0.1.1"
193,1761477918.234148,1761477920.096629,1.862480878829956,3,3,0.0138,188.281156,0,"10.0.2.1,10.0.1.1,10.0.2.1"
194,1761477920.0966306,1761477921.7911282,1.6944975852966309,3,3,0.011067,201.737558,0,"10.0.1.1,10.0.2.1,10.0.1.1"
195,1761477921.791129,1761477922.6735194,0.8823902606964111,3,3,0.010467,198.554406,0,"10.0.2.1,10.0.1.1,10.0.2.1"
196,1761477922.6735203,1761477924.3366911,1.6631708145141602,3,3,0.0109,197.584411,0,"10.0.1.1,10.0.2.1,10.0.1.1"
197,1761477924.3366919,1761477926.2373967,1.9007048606872559,3,3,0.010567,198.360122,0,"10.0.2.1,10.0.1.1,10.0.2.1"
198,1761477926.2373974,1761477927.3890877,1.1516902446746826,3,3,0.010533,197.493617,0,"10.0.1.1,10.0.2.1,10.0.1.1"
199,1761477927.3890898,1761477928.2918591,0.9027693271636963,3,3,0.0106,199.979573,0,"10.0.2.1,10.0.1.1,10.0.2.1"
200,1761477928.2918596,1761477930.44936,2.1575002670288086,3,3,0.0141,192.498782,0,"10.0.1.1,10.0.2.1,10.0.1.1"
201,1761477930.4493606,1761477932.3611834,1.91182279586792,3,3,0.013533,197.67258,0,"10.0.2.1,10.0.1.1,10.0.2.1"
202,1761477932.361184,1761477933.995002,1.6338181495666504,3,3,0.010833,195.95068,0,"10.0.1.1,10.0.2.1,10.0.1.1"
203,1761477933.9950025,1761477936.025253,2.0302505493164062,3,3,0.013467,196.218476,0,"10.0.2.1,10.0.1.1,10.0.1.1"
204,1761477936.0252538,1761477937.0085342,0.9832804203033447,3,3,0.013667,190.495171,0,"10.0.2.1,10.0.1.1,10.0.2.1"
205,1761477937.0085351,1761477938.5711129,1.562577724456787,3,3,0.013567,193.531286,0,"10.0.1.1,10.0.2.1,10.0.1.1"
206,1761477938.571114,1761477940.1074026,1.5362884998321533,3,3,0.0109,188.068802,0,"10.0.1.1,10.0.2.1,10.0.1.1"
207,1761477940.1074033,1761477942.6229002,2.5154969692230225,3,3,0.016233,198.212271,0,"10.0.2.1,10.0.1.1,10.0.2.1"
208,1761477942.622901,1761477944.173765,1.5508639812469482,3,3,0.013867,194.419404,0,"10.0.1.1,10.0.2.1,10.0.1.1"
209,1761477944.173767,1761477946.1782117,2.0044445991516113,3,3,0.0103,191.508296,0,"10.0.2.1,10.0.1.1,10.0.2.1"
210,1761477946.1782124,1761477946.7241495,0.5459370613098145,3,3,0.0145,202.593758,0,"10.0.1.1,10.0.2.1,10.0.1.1"
211,1761477946.7241502,1761477948.7741227,2.0499725341796875,3,3,0.014233,202.641988,0,"10.0.1.1,10.0.2.1,10.0.1.1"
212,1761477948.7741237,1761477950.8112123,2.037088632583618,3,3,0.0171,191.396951,0,"10.0.2.1,10.0.1.1,10.0.2.1"
213,1761477950.811213,1761477952.3618536,1.55064058303833,3,3,0.010333,199.53976,0,"10.0.1.1,10.0.2.1,10.0.1.1"
214,1761477952.3618546,1761477954.9149728,2.5531182289123535,3,3,0.014133,202.067409,0,"10.0.2.1,10.0.1.1,10.0.1.1"
215,1761477954.9149737,1761477956.4510715,1.536097764968872,3,3,0.014167,193.280217,0,"10.0.2.1,10.0.2.1,10.0.1.1"
216,1761477956.451072,1761477957.9970212,1.5459492206573486,3,3,0.010533,193.870468,0,"10.0.2.1,10.0.1.1,10.0.2.1"
217,1761477957.9970233,1761477960.5196695,2.522646188735962,3,3,0.0172,196.443197,0,"10.0.1.1,10.0.2.1,10.0.1.1"
218,1761477960.5196702,1761477962.5690281,2.0493578910827637,3,3,0.017567,191.377772,0,"10.0.1.1,10.0.2.1,10.0.1.1"
219,1761477962.569029,1761477964.12214,1.5531108379364014,3,3,0.016467,193.476258,0,"10.0.2.1,10.0.1.1,10.0.2.1"
220,1761477964.1221406,1761477966.651157,2.5290162563323975,3,3,0.013867,193.544033,0,"10.0.1.1,10.0.2.1,10.0.1.1"
221,1761477966.6511579,1761477968.6852548,2.0340969562530518,3,3,0.017367,192.657198,0,"10.0.1.1,10.0.2.1,10.0.1.1"
222,1761477968.6852558,1761477970.233243,1.5479872226715088,3,3,0.014367,187.242443,0,"10.0.2.1,10.0.1.1,10.0.2.1"
223,1761477970.2332437,1761477972.7794166,2.546172857284546,3,3,0.0177,185.718157,0,"10.0.1.1,10.0.2.1,10.0.1.1"
224,1761477972.7794185,1761477974.8486888,2.069270372390747,3,3,0.0178,197.600936,0,"10.0.2.1,10.0.1.1,10.0.1.1"
225,1761477974.8486896,1761477976.3924305,1.54374098777771,3,3,0.016,198.821492,0,"10.0.2.1,10.0.2.1,10.0.1.1"
226,1761477976.3924313,1761477978.9193163,2.5268850326538086,3,3,0.011033,192.137625,0,"10.0.1.1,10.0.2.1,10.0.2.1"
227,1761477978.9193172,1761477979.4935935,0.5742762088775635,3,3,0.017367,201.483207,0,"10.0.1.1,10.0.2.1,10.0.1.1"
228,1761477979.4935944,1761477982.4816468,2.9880523681640625,3,3,0.010867,198.018373,0,"10.0.1.1,10.0.2.1,10.0.2.1"
229,1761477982.4816473,1761477983.081391,0.5997438430786133,3,3,0.0142,193.595928,0,"10.0.1.1,10.0.2.1,10.0.1.1"
230,1761477983.0813918,1761477985.53782,2.456428289413452,3,3,0.0173,194.014662,0,"10.0.2.1,10.0.1.1,10.0.2.1"
231,1761477985.5378208,1761477987.567838,2.030017137527466,3,3,0.016667,207.161116,0,"10.0.2.1,10.0.1.1,10.0.2.1"
232,1761477987.5678384,1761477989.223017,1.6551785469055176,3,3,0.0103,191.526979,0,"10.0.1.1,10.0.2.1,10.0.1.1"
233,1761477989.2230175,1761477991.2725587,2.0495412349700928,3,3,0.017733,191.428574,0,"10.0.2.1,10.0.2.1,10.0.1.1"
234,1761477991.2725596,1761477993.6623223,2.3897626399993896,3,3,0.013533,192.83219,0,"10.0.2.1,10.0.1.1,10.0.2.1"
235,1761477993.662323,1761477995.1891172,1.526794195175171,3,3,0.0102,194.50806,0,"10.0.1.1,10.0.2.1,10.0.2.1"
236,1761477995.1891177,1761477997.371948,2.182830333709717,3,3,0.017267,199.489864,0,"10.0.1.1,10.0.2.1,10.0.1.1"
237,1761477997.3719487,1761477999.2455819,1.8736331462860107,3,3,0.013467,189.772547,0,"10.0.2.1,10.0.1.1,10.0.2.1"
238,1761477999.2455826,1761478000.4333217,1.1877391338348389,3,3,0.010267,198.169841,0,"10.0.1.1,10.0.2.1,10.0.1.1"
239,1761478000.4333236,1761478001.7865772,1.3532536029815674,3,3,0.013633,186.502245,0,"10.0.2.1,10.0.1.1,10.0.2.1"
240,1761478001.7865777,1761478003.5120943,1.7255165576934814,3,3,0.0138,195.017811,0,"10.0.1.1,10.0.2.1,10.0.1.1"
241,1761478003.512095,1761478005.8495355,2.3374404907226562,3,3,0.015533,188.178228,0,"10.0.2.1,10.0.1.1,10.0.2.1"
242,1761478005.8495362,1761478007.1059625,1.2564263343811035,3,3,0.012233,188.707847,0,"10.0.1.1,10.0.2.1,10.0.1.1"
243,1761478007.1059632,1761478007.8925905,0.7866272926330566,3,3,0.0137,194.550363,0,"10.0.2.1,10.0.1.1,10.0.2.1"
244,1761478007.8925915,1761478011.1987274,3.306135892868042,3,3,0.016933,196.515603,0,"10.0.1.1,10.0.2.1,10.0.1.1"
245,1761478011.1987295,1761478011.9637985,0.7650690078735352,3,3,0.011967,186.065817,0,"10.0.2.1,10.0.1.1,10.0.2.1"
246,1761478011.9638,1761478013.7763774,1.812577486038208,3,3,0.010633,196.236654,0,"10.0.1.1,10.0.2.1,10.0.1.1"
247,1761478013.7763784,1761478015.5168574,1.7404789924621582,3,3,0.010233,194.410756,0,"10.0.2.1,10.0.1.1,10.0.2.1"
248,1761478015.5168593,1761478017.9007125,2.3838531970977783,3,3,0.017533,192.948055,0,"10.0.1.1,10.0.2.1,10.0.1.1"
249,1761478017.9007134,1761478019.0845501,1.1838366985321045,3,3,0.010267,201.77864,0,"10.0.2.1,10.0.1.1,10.0.2.1"
250,1761478019.084551,1761478019.9477065,0.8631553649902344,3,3,0.0102,193.966368,0,"10.0.1.1,10.0.2.1,10.0.1.1"
251,1761478019.9477074,1761478022.1417658,2.194058418273926,3,3,0.016933,189.945368,0,"10.0.2.1,10.0.1.1,10.0.2.1"
252,1761478022.1417665,1761478024.0228658,1.8810992240905762,3,3,0.010733,200.905626,0,"10.0.1.1,10.0.2.1,10.0.1.1"
253,1761478024.0228665,1761478025.18838,1.165513515472412,3,3,0.0102,192.316711,0,"10.0.2.1,10.0.1.1,10.0.2.1"
254,1761478025.1883829,1761478027.5823905,2.394007682800293,3,3,0.010233,200.948854,0,"10.0.1.1,10.0.2.1,10.0.1.1"
255,1761478027.582391,1761478028.2508044,0.6684134006500244,3,3,0.0171,198.312524,0,"10.0.2.1,10.0.1.1,10.0.2.1"
256,1761478028.2508068,1761478031.163151,2.912344217300415,3,3,0.0113,193.904536,0,"10.0.1.1,10.0.2.1,10.0.1.1"
257,1761478031.1631532,1761478031.8022685,0.6391153335571289,3,3,0.010167,198.68632,0,"10.0.2.1,10.0.1.1,10.0.2.1"
258,1761478031.8022695,1761478034.2872746,2.4850051403045654,3,3,0.027933,195.411704,0,"10.0.1.1,10.0.2.1,10.0.1.1"
259,1761478034.287275,1761478035.8656669,1.5783917903900146,3,3,0.0136,194.142033,0,"10.0.2.1,10.0.1.1,10.0.2.1"
260,1761478035.8656673,1761478037.3367126,1.4710452556610107,3,3,0.0102,200.510766,0,"10.0.1.1,10.0.2.1,10.0.1.1"
261,1761478037.3367133,1761478038.413815,1.077101707458496,3,3,0.010233,187.572452,0,"10.0.2.1,10.0.1.1,10.0.2.1"
262,1761478038.4138155,1761478040.4138515,2.0000360012054443,3,3,0.014167,197.785436,0,"10.0.1.1,10.0.2.1,10.0.1.1"
263,1761478040.4138522,1761478042.4533765,2.0395243167877197,3,3,0.010533,192.604582,0,"10.0.2.1,10.0.2.1,10.0.1.1"
264,1761478042.4533777,1761478043.5079935,1.0546157360076904,3,3,0.013567,207.213687,0,"10.0.2.1,10.0.1.1,10.0.2.1"
265,1761478043.5079954,1761478045.0431488,1.5351533889770508,3,3,0.0117,207.939679,0,"10.0.2.1,10.0.1.1,10.0.2.1"
266,1761478045.0431495,1761478047.1025333,2.0593838691711426,3,3,0.0153,184.490328,0,"10.0.2.1,10.0.1.1,10.0.2.1"
267,1761478047.1025348,1761478048.6075673,1.5050325393676758,3,3,0.010233,193.326957,0,"10.0.1.1,10.0.2.1,10.0.1.1"
268,1761478048.6075704,1761478049.6908379,1.0832674503326416,3,3,0.0104,193.2699,0,"10.0.2.1,10.0.1.1,10.0.2.1"
269,1761478049.6908383,1761478051.662845,1.9720065593719482,3,3,0.010267,203.587538,0,"10.0.1.1,10.0.2.1,10.0.1.1"
270,1761478051.662847,1761478052.7210739,1.0582268238067627,3,3,0.012233,196.977258,0,"10.0.1.1,10.0.2.1,10.0.1.1"
271,1761478052.7210746,1761478055.2726443,2.551569700241089,3,3,0.013767,196.165745,0,"10.0.2.1,10.0.1.1,10.0.2.1"
272,1761478055.2726464,1761478055.7948937,0.522247314453125,3,3,0.010267,192.769929,0,"10.0.1.1,10.0.2.1,10.0.1.1"
273,1761478055.7948947,1761478056.8611848,1.0662901401519775,3,3,0.019367,194.32811,0,"10.0.2.1,10.0.1.1,10.0.2.1"
274,1761478056.8611853,1761478058.8780806,2.016895294189453,3,3,0.0129,198.166146,0,"10.0.1.1,10.0.1.1,10.0.2.1"
275,1761478058.8780816,1761478059.9091866,1.0311050415039062,3,3,0.010267,194.570105,0,"10.0.2.1,10.0.1.1,10.0.2.1"
276,1761478059.9091887,1761478061.430229,1.5210402011871338,3,3,0.0102,209.245848,0,"10.0.1.1,10.0.1.1,10.0.2.1"
277,1761478061.430231,1761478063.4661143,2.0358831882476807,3,3,0.010433,198.724054,0,"10.0.2.1,10.0.1.1,10.0.2.1"
278,1761478063.4661167,1761478064.4671185,1.0010018348693848,3,3,0.010333,199.390452,0,"10.0.1.1,10.0.2.1,10.0.1.1"
279,1761478064.4671197,1761478065.521459,1.0543394088745117,3,3,0.011633,197.167782,0,"10.0.1.1,10.0.2.1,10.0.2.1"
280,1761478065.52146,1761478067.5446365,2.023176431655884,3,3,0.010733,194.020101,0,"10.0.1.1,10.0.1.1,10.0.2.1"
281,1761478067.5446372,1761478069.058239,1.5136017799377441,3,3,0.013667,194.057602,0,"10.0.1.1,10.0.2.1,10.0.1.1"
282,1761478069.0582397,1761478071.100111,2.0418713092803955,3,3,0.010167,197.364186,0,"10.0.2.1,10.0.1.1,10.0.1.1"
283,1761478071.100112,1761478072.1288445,1.0287325382232666,3,3,0.0107,198.212226,0,"10.0.2.1,10.0.2.1,10.0.1.1"
284,1761478072.1288452,1761478073.6662533,1.5374081134796143,3,3,0.0113,190.049844,0,"10.0.2.1,10.0.1.1,10.0.1.1"
285,1761478073.6662538,1761478075.1813242,1.5150704383850098,3,3,0.010267,198.471957,0,"10.0.2.1,10.0.2.1,10.0.1.1"
286,1761478075.1813247,1761478076.2563813,1.075056552886963,3,3,0.0107,197.156156,0,"10.0.2.1,10.0.1.1,10.0.2.1"
287,1761478076.256383,1761478077.2778115,1.0214285850524902,3,3,0.011967,200.233821,0,"10.0.1.1,10.0.1.1,10.0.2.1"
288,1761478077.2778122,1761478079.8141136,2.536301374435425,3,3,0.013933,190.438428,0,"10.0.2.1,10.0.1.1,10.0.1.1"
289,1761478079.8141146,1761478080.3412795,0.5271649360656738,3,3,0.014067,199.503398,0,"10.0.2.1,10.0.1.1,10.0.2.1"
290,1761478080.3412802,1761478082.8680441,2.526763916015625,3,3,0.010667,204.668489,0,"10.0.1.1,10.0.2.1,10.0.1.1"
291,1761478082.868045,1761478083.9101715,1.0421264171600342,3,3,0.0106,197.772834,0,"10.0.1.1,10.0.2.1,10.0.2.1"
292,1761478083.9101722,1761478085.4210906,1.510918378829956,3,3,0.010233,191.361437,0,"10.0.1.1,10.0.2.1,10.0.1.1"
293,1761478085.4210913,1761478086.4771173,1.0560259819030762,3,3,0.011,189.529555,0,"10.0.1.1,10.0.2.1,10.0.2.1"
294,1761478086.477118,1761478088.0063553,1.5292372703552246,3,3,0.0108,201.946911,0,"10.0.1.1,10.0.2.1,10.0.1.1"
295,1761478088.0063555,1761478089.5437634,1.5374078750610352,3,3,0.0133,200.759705,0,"10.0.2.1,10.0.1.1,10.0.2.1"
296,1761478089.543764,1761478091.600866,2.0571019649505615,3,3,0.0117,190.67834,0,"10.0.1.1,10.0.2.1,10.0.1.1"
297,1761478091.6008666,1761478092.6517515,1.0508849620819092,3,3,0.019267,195.033782,0,"10.0.2.1,10.0.1.1,10.0.2.1"
298,1761478092.6517525,1761478095.1896586,2.5379061698913574,3,3,0.016167,186.663778,0,"10.0.1.1,10.0.2.1,10.0.1.1"
299,1761478095.1896596,1761478096.212667,1.0230073928833008,3,3,0.012333,198.755863,0,"10.0.2.1,10.0.1.1,10.0.2.1"
300,1761478096.2126677,1761478097.7629113,1.550243616104126,3,3,0.0115,195.607003,0,"10.0.1.1,10.0.2.1,10.0.1.1"
301,1761478097.762912,1761478099.7976065,2.0346944332122803,3,3,0.013633,193.72251,0,"10.0.2.1,10.0.1.1,10.0.1.1"
302,1761478099.7976077,1761478100.8240273,1.0264196395874023,3,3,0.011567,191.15481,0,"10.0.2.1,10.0.1.1,10.0.2.1"
303,1761478100.8240283,1761478101.8638563,1.0398280620574951,3,3,0.011567,207.080303,0,"10.0.1.1,10.0.2.1,10.0.1.1"
304,1761478101.8638573,1761478104.3943624,2.5305051803588867,3,3,0.013933,203.084669,0,"10.0.2.1,10.0.1.1,10.0.2.1"
305,1761478104.3943632,1761478105.9345212,1.5401580333709717,3,3,0.014567,202.97813,0,"10.0.1.1,10.0.2.1,10.0.1.1"
306,1761478105.9345222,1761478107.4766307,1.5421085357666016,3,3,0.0104,196.585301,0,"10.0.2.1,10.0.2.1,10.0.1.1"
307,1761478107.4766319,1761478108.5101159,1.0334839820861816,3,3,0.0112,200.341163,0,"10.0.1.1,10.0.2.1,10.0.1.1"
308,1761478108.5101168,1761478110.547253,2.0371360778808594,3,3,0.017933,187.116269,0,"10.0.2.1,10.0.1.1,10.0.2.1"
309,1761478110.547254,1761478112.5850291,2.0377750396728516,3,3,0.016133,192.056014,0,"10.0.1.1,10.0.1.1,10.0.2.1"
310,1761478112.5850298,1761478113.6409342,1.0559043884277344,3,3,0.0103,196.568313,0,"10.0.1.1,10.0.2.1,10.0.1.1"
311,1761478113.6409347,1761478116.171478,2.530543327331543,3,3,0.0106,196.916878,0,"10.0.1.1,10.0.2.1,10.0.1.1"
312,1761478116.171479,1761478118.2241106,2.0526316165924072,3,3,0.0215,193.458261,0,"10.0.2.1,10.0.1.1,10.0.1.1"
313,1761478118.2241113,1761478119.754868,1.5307567119598389,3,3,0.011133,188.457404,0,"10.0.2.1,10.0.2.1,10.0.1.1"
314,1761478119.7548685,1761478120.8041818,1.0493133068084717,3,3,0.0154,200.030227,0,"10.0.1.1,10.0.2.1,10.0.1.1"
315,1761478120.8041825,1761478124.3605058,3.556323289871216,3,3,0.016967,200.354939,0,"10.0.1.1,10.0.2.1,10.0.1.1"
316,1761478124.3605063,1761478125.4117172,1.051210880279541,3,3,0.015567,191.189097,0,"10.0.2.1,10.0.1.1,10.0.1.1"
317,1761478125.4117181,1761478126.8351688,1.4234507083892822,3,3,0.010233,198.816813,0,"10.0.2.1,10.0.1.1,10.0.2.1"
318,1761478126.8351712,1761478128.9947453,2.159574031829834,3,3,0.025433,207.219924,0,"10.0.1.1,10.0.2.1,10.0.1.1"
319,1761478128.9947462,1761478131.5728133,2.5780670642852783,3,3,0.012,186.952913,0,"10.0.1.1,10.0.2.1,10.0.1.1"
320,1761478131.5728142,1761478132.931181,1.3583667278289795,3,3,0.016867,197.465295,0,"10.0.2.1,10.0.1.1,10.0.2.1"
321,1761478132.931182,1761478136.665345,3.7341630458831787,3,3,0.020233,199.754143,0,"10.0.1.1,10.0.2.1,10.0.1.1"
322,1761478136.6653461,1761478138.0030406,1.3376944065093994,3,3,0.013833,195.986505,0,"10.0.2.1,10.0.1.1,10.0.2.1"
323,1761478138.0030413,1761478140.7381146,2.7350733280181885,3,3,0.017033,187.073215,0,"10.0.1.1,10.0.2.1,10.0.1.1"
324,1761478140.738115,1761478143.074356,2.3362410068511963,3,3,0.017267,198.778864,0,"10.0.2.1,10.0.1.1,10.0.2.1"
325,1761478143.0743577,1761478144.8753989,1.8010411262512207,3,3,0.013533,197.627444,0,"10.0.1.1,10.0.2.1,10.0.1.1"
326,1761478144.8753996,1761478147.1397424,2.264342784881592,3,3,0.022167,191.232211,0,"10.0.2.1,10.0.1.1,10.0.2.1"
327,1761478147.1397436,1761478149.9834638,2.8437201976776123,3,3,0.017067,192.747405,0,"10.0.1.1,10.0.2.1,10.0.1.1"
328,1761478149.9834654,1761478151.1999094,1.2164440155029297,3,3,0.0102,189.443724,0,"10.0.2.1,10.0.1.1,10.0.2.1"
329,1761478151.19991,1761478155.0725353,3.8726253509521484,3,3,0.023533,192.698703,0,"10.0.1.1,10.0.2.1,10.0.1.1"
330,1761478155.0725362,1761478156.2735384,1.2010021209716797,3,3,0.010233,204.156985,0,"10.0.2.1,10.0.1.1,10.0.2.1"
331,1761478156.273539,1761478159.1687295,2.895190477371216,3,3,0.020167,195.776573,0,"10.0.1.1,10.0.2.1,10.0.1.1"
332,1761478159.1687303,1761478161.3577764,2.1890461444854736,3,3,0.022267,195.025162,0,"10.0.2.1,10.0.1.1,10.0.2.1"
333,1761478161.3577785,1761478163.2899594,1.9321808815002441,3,3,0.0105,190.293675,0,"10.0.1.1,10.0.2.1,10.0.1.1"
334,1761478163.2899604,1761478165.42505,2.135089635848999,3,3,0.023833,196.823588,0,"10.0.2.1,10.0.1.1,10.0.2.1"
335,1761478165.4250512,1761478168.3967216,2.971670389175415,3,3,0.010233,194.803879,0,"10.0.1.1,10.0.2.1,10.0.1.1"
336,1761478168.3967223,1761478169.4903338,1.093611478805542,3,3,0.019467,194.997462,0,"10.0.2.1,10.0.1.1,10.0.2.1"
337,1761478169.4903347,1761478173.0246532,3.534318447113037,3,3,0.0171,193.953878,0,"10.0.1.1,10.0.2.1,10.0.1.1"
1,1761478185.4623044,1761478189.1216688,3.6593644618988037,3,3,0.0284,196.494579,0,"10.0.1.1,10.0.2.1,10.0.1.1"
2,1761478189.1216705,1761478190.378201,1.256530523300171,3,3,0.0109,199.073191,0,"10.0.2.1,10.0.1.1,10.0.2.1"
3,1761478190.3782043,1761478193.2898386,2.9116342067718506,3,3,0.027733,196.755005,0,"10.0.1.1,10.0.2.1,10.0.1.1"
4,1761478193.2898402,1761478195.4737616,2.1839213371276855,3,3,0.020133,198.016715,0,"10.0.2.1,10.0.1.1,10.0.2.1"
5,1761478195.473762,1761478197.3628774,1.889115333557129,3,3,0.010467,188.410674,0,"10.0.1.1,10.0.2.1,10.0.1.1"
6,1761478197.3628786,1761478199.5407314,2.1778528690338135,3,3,0.024767,198.816899,0,"10.0.2.1,10.0.1.1,10.0.2.1"
7,1761478199.5407321,1761478202.4889479,2.9482157230377197,3,3,0.010267,194.974799,0,"10.0.1.1,10.0.2.1,10.0.1.1"
8,1761478202.488949,1761478203.6154206,1.1264715194702148,3,3,0.0169,199.66585,0,"10.0.2.1,10.0.1.1,10.0.2.1"
9,1761478203.6154213,1761478207.641669,4.02624773979187,3,3,0.0265,189.120626,0,"10.0.1.1,10.0.2.1,10.0.1.1"
10,1761478207.6416733,1761478208.718991,1.077317714691162,3,3,0.013567,199.357217,0,"10.0.2.1,10.0.1.1,10.0.2.1"
11,1761478208.718993,1761478211.214027,2.4950339794158936,3,3,0.0139,201.423183,0,"10.0.1.1,10.0.2.1,10.0.1.1"
12,1761478211.2140288,1761478213.7884257,2.574396848678589,3,3,0.0255,197.523317,0,"10.0.1.1,10.0.2.1,10.0.1.1"
13,1761478213.7884266,1761478214.8154588,1.0270321369171143,3,3,0.010133,197.784344,0,"10.0.2.1,10.0.1.1,10.0.2.1"
14,1761478214.8154604,1761478217.3639736,2.548513174057007,3,3,0.0186,194.8629,0,"10.0.1.1,10.0.2.1,10.0.1.1"
15,1761478217.3639753,1761478219.4106283,2.0466530323028564,3,3,0.013967,201.856139,0,"10.0.1.1,10.0.2.1,10.0.1.1"
16,1761478219.410631,1761478220.4565582,1.0459272861480713,3,3,0.013967,202.392764,0,"10.0.2.1,10.0.1.1,10.0.1.1"
17,1761478220.456559,1761478221.9998438,1.5432848930358887,3,3,0.010867,186.898573,0,"10.0.2.1,10.0.1.1,10.0.2.1"
18,1761478221.9998448,1761478224.0407808,2.04093599319458,3,3,0.021233,194.904716,0,"10.0.1.1,10.0.1.1,10.0.2.1"
19,1761478224.0407813,1761478226.5732489,2.5324676036834717,3,3,0.010967,196.062487,0,"10.0.1.1,10.0.2.1,10.0.1.1"
20,1761478226.5732496,1761478228.1098452,1.5365955829620361,3,3,0.0103,192.896163,0,"10.0.2.1,10.0.1.1,10.0.1.1"
21,1761478228.109846,1761478230.176575,2.0667288303375244,3,3,0.018033,188.753306,0,"10.0.2.1,10.0.1.1,10.0.1.1"
22,1761478230.176576,1761478232.2405953,2.0640194416046143,3,3,0.017767,198.515714,0,"10.0.2.1,10.0.1.1,10.0.2.1"
23,1761478232.2405965,1761478233.2667494,1.0261528491973877,3,3,0.0125,194.203728,0,"10.0.1.1,10.0.1.1,10.0.2.1"
24,1761478233.26675,1761478235.8209395,2.554189443588257,3,3,0.0104,197.295418,0,"10.0.1.1,10.0.2.1,10.0.2.1"
25,1761478235.8209429,1761478238.3570576,2.5361146926879883,3,3,0.020667,193.308328,0,"10.0.1.1,10.0.2.1,10.0.1.1"
26,1761478238.3570583,1761478239.398141,1.0410826206207275,3,3,0.0101,190.660871,0,"10.0.2.1,10.0.1.1,10.0.2.1"
27,1761478239.3981419,1761478240.4253645,1.0272226333618164,3,3,0.010467,197.046472,0,"10.0.1.1,10.0.2.1,10.0.1.1"
28,1761478240.4253652,1761478242.4638202,2.038455009460449,3,3,0.010867,196.321788,0,"10.0.2.1,10.0.1.1,10.0.1.1"
29,1761478242.4638212,1761478243.996661,1.5328397750854492,3,3,0.014067,186.849967,0,"10.0.2.1,10.0.1.1,10.0.2.1"
30,1761478243.9966624,1761478245.0264199,1.0297574996948242,3,3,0.011767,183.934484,0,"10.0.1.1,10.0.2.1,10.0.1.1"
31,1761478245.0264208,1761478246.5680892,1.54166841506958,3,3,0.0108,188.548822,0,"10.0.2.1,10.0.2.1,10.0.1.1"
32,1761478246.5680904,1761478248.6050847,2.036994218826294,3,3,0.0206,194.722685,0,"10.0.2.1,10.0.1.1,10.0.2.1"
33,1761478248.6050854,1761478251.1578395,2.5527541637420654,3,3,0.010333,192.380615,0,"10.0.1.1,10.0.2.1,10.0.1.1"
34,1761478251.15784,1761478252.173739,1.0158989429473877,3,3,0.0121,188.440546,0,"10.0.2.1,10.0.2.1,10.0.1.1"
35,1761478252.1737394,1761478254.2104535,2.0367140769958496,3,3,0.0113,182.828754,0,"10.0.1.1,10.0.2.1,10.0.1.1"
36,1761478254.2104547,1761478255.7588432,1.5483884811401367,3,3,0.0148,195.322123,0,"10.0.1.1,10.0.2.1,10.0.1.1"
37,1761478255.758845,1761478256.781297,1.0224518775939941,3,3,0.012733,188.067054,0,"10.0.2.1,10.0.1.1,10.0.2.1"
38,1761478256.7812974,1761478258.3400009,1.5587034225463867,3,3,0.0161,198.761019,0,"10.0.1.1,10.0.2.1,10.0.1.1"
39,1761478258.3400018,1761478260.3578389,2.0178370475769043,3,3,0.010433,198.038475,0,"10.0.2.1,10.0.1.1,10.0.2.1"
40,1761478260.3578398,1761478260.9295454,0.5717055797576904,3,3,0.015633,190.812062,0,"10.0.1.1,10.0.1.1,10.0.2.1"
41,1761478260.9295464,1761478263.4441266,2.514580249786377,3,3,0.0102,197.007418,0,"10.0.1.1,10.0.2.1,10.0.1.1"
42,1761478263.4441276,1761478264.4812014,1.0370738506317139,3,3,0.017467,200.939795,0,"10.0.2.1,10.0.1.1,10.0.1.1"
43,1761478264.4812021,1761478266.5134559,2.0322537422180176,3,3,0.011267,203.017075,0,"10.0.2.1,10.0.2.1,10.0.1.1"
44,1761478266.5134566,1761478267.054085,0.5406284332275391,3,3,0.0113,196.599433,0,"10.0.2.1,10.0.1.1,10.0.2.1"
45,1761478267.054086,1761478269.0759969,2.0219109058380127,3,3,0.0101,189.076177,0,"10.0.1.1,10.0.2.1,10.0.1.1"
46,1761478269.075998,1761478269.631644,0.5556459426879883,3,3,0.010267,198.679265,0,"10.0.2.1,10.0.1.1,10.0.2.1"
47,1761478269.6316445,1761478272.1222858,2.4906413555145264,3,3,0.0102,190.218747,0,"10.0.1.1,10.0.2.1,10.0.1.1"
48,1761478272.1222866,1761478273.1699672,1.0476806163787842,3,3,0.013767,189.045829,0,"10.0.1.1,10.0.2.1,10.0.1.1"
49,1761478273.169968,1761478275.2504485,2.0804805755615234,3,3,0.014367,195.885924,0,"10.0.2.1,10.0.1.1,10.0.2.1"
50,1761478275.250449,1761478276.2407763,0.9903273582458496,3,3,0.0141,192.774972,0,"10.0.1.1,10.0.2.1,10.0.1.1"
51,1761478276.240777,1761478277.3179972,1.0772202014923096,3,3,0.0102,202.958439,0,"10.0.2.1,10.0.1.1,10.0.2.1"
52,1761478277.3179994,1761478279.2935905,1.9755911827087402,3,3,0.0103,192.126824,0,"10.0.1.1,10.0.2.1,10.0.1.1"
53,1761478279.2935913,1761478280.3872817,1.0936903953552246,3,3,0.0104,191.794009,0,"10.0.2.1,10.0.1.1,10.0.2.1"
54,1761478280.3872824,1761478281.9415777,1.554295301437378,3,3,0.014,189.690006,0,"10.0.1.1,10.0.2.1,10.0.2.1"
55,1761478281.9415781,1761478284.406165,2.4645867347717285,3,3,0.014067,193.235497,0,"10.0.1.1,10.0.2.1,10.0.1.1"
56,1761478284.4061658,1761478285.4364219,1.0302560329437256,3,3,0.010733,192.702588,0,"10.0.2.1,10.0.2.1,10.0.1.1"
57,1761478285.4364226,1761478287.5543356,2.117913007736206,3,3,0.013533,199.150131,0,"10.0.2.1,10.0.1.1,10.0.2.1"
58,1761478287.5543363,1761478288.5948617,1.0405254364013672,3,3,0.010233,196.02845,0,"10.0.2.1,10.0.1.1,10.0.2.1"
59,1761478288.594863,1761478290.5531657,1.9583027362823486,3,3,0.010233,195.403314,0,"10.0.1.1,10.0.2.1,10.0.1.1"
60,1761478290.553167,1761478291.6559372,1.1027700901031494,3,3,0.013167,180.987346,0,"10.0.2.1,10.0.1.1,10.0.2.1"
61,1761478291.6559381,1761478293.626135,1.9701969623565674,3,3,0.013567,201.587624,0,"10.0.1.1,10.0.2.1,10.0.1.1"
62,1761478293.6261356,1761478295.6522815,2.0261459350585938,3,3,0.0105,194.86946,0,"10.0.2.1,10.0.2.1,10.0.1.1"
63,1761478295.6522827,1761478296.7895772,1.1372945308685303,3,3,0.016133,193.842898,0,"10.0.2.1,10.0.1.1,10.0.2.1"
64,1761478296.7895777,1761478297.8607662,1.0711884498596191,3,3,0.0105,201.292998,0,"10.0.2.1,10.0.1.1,10.0.2.1"
65,1761478297.860767,1761478300.4133244,2.5525574684143066,3,3,0.014267,191.63421,0,"10.0.1.1,10.0.2.1,10.0.2.1"
66,1761478300.4133253,1761478301.8378448,1.4245195388793945,3,3,0.010667,194.136636,0,"10.0.1.1,10.0.2.1,10.0.1.1"
67,1761478301.8378456,1761478303.458837,1.6209914684295654,3,3,0.010167,189.049426,0,"10.0.2.1,10.0.1.1,10.0.2.1"
68,1761478303.458838,1761478304.404864,0.946026086807251,3,3,0.010933,199.512518,0,"10.0.1.1,10.0.2.1,10.0.1.1"
69,1761478304.4048648,1761478306.0093396,1.6044747829437256,3,3,0.0139,191.211467,0,"10.0.2.1,10.0.1.1,10.0.2.1"
70,1761478306.0093405,1761478308.0578272,2.0484867095947266,3,3,0.0128,190.915748,0,"10.0.2.1,10.0.1.1,10.0.2.1"
71,1761478308.0578282,1761478309.0776787,1.019850492477417,3,3,0.015667,191.391816,0,"10.0.1.1,10.0.1.1,10.0.2.1"
72,1761478309.077682,1761478310.1112058,1.0335237979888916,3,3,0.010233,193.557901,0,"10.0.2.1,10.0.1.1,10.0.2.1"
73,1761478310.1112063,1761478312.5813298,2.470123529434204,3,3,0.015,188.747843,0,"10.0.1.1,10.0.2.1,10.0.1.1"
74,1761478312.581331,1761478314.1030977,1.5217666625976562,3,3,0.012467,199.217866,0,"10.0.2.1,10.0.2.1,10.0.1.1"
75,1761478314.1030984,1761478315.240383,1.137284517288208,3,3,0.0107,201.296675,0,"10.0.2.1,10.0.1.1,10.0.2.1"
76,1761478315.2403834,1761478316.6793795,1.4389960765838623,3,3,0.0113,190.782546,0,"10.0.1.1,10.0.2.1,10.0.1.1"
77,1761478316.6793802,1761478318.3189967,1.6396164894104004,3,3,0.017533,189.471303,0,"10.0.2.1,10.0.1.1,10.0.2.1"
78,1761478318.3189983,1761478320.7446222,2.425623893737793,3,3,0.010867,191.942271,0,"10.0.1.1,10.0.2.1,10.0.1.1"
79,1761478320.7446232,1761478321.3910623,0.6464390754699707,3,3,0.010467,199.264549,0,"10.0.2.1,10.0.1.1,10.0.2.1"
80,1761478321.3910627,1761478324.3235798,2.9325170516967773,3,3,0.0141,200.834892,0,"10.0.1.1,10.0.2.1,10.0.1.1"
81,1761478324.323581,1761478325.0045352,0.6809542179107666,3,3,0.016267,194.124531,0,"10.0.2.1,10.0.1.1,10.0.2.1"
82,1761478325.0045364,1761478327.4004643,2.395927906036377,3,3,0.011533,195.057002,0,"10.0.1.1,10.0.2.1,10.0.1.1"
83,1761478327.4004653,1761478328.5609787,1.1605134010314941,3,3,0.0105,190.888822,0,"10.0.2.1,10.0.1.1,10.0.2.1"
84,1761478328.5609791,1761478330.4933825,1.932403326034546,3,3,0.018733,189.320898,0,"10.0.1.1,10.0.2.1,10.0.1.1"
85,1761478330.4933832,1761478332.6307666,2.137383460998535,3,3,0.013767,191.516782,0,"10.0.2.1,10.0.1.1,10.0.2.1"
86,1761478332.6307673,1761478333.5907145,0.9599471092224121,3,3,0.011033,193.167701,0,"10.0.1.1,10.0.2.1,10.0.1.1"
87,1761478333.5907154,1761478334.688091,1.0973756313323975,3,3,0.011,188.091316,0,"10.0.2.1,10.0.1.1,10.0.2.1"
88,1761478334.6880922,1761478337.211586,2.523493766784668,3,3,0.022267,200.092164,0,"10.0.1.1,10.0.2.1,10.0.1.1"
89,1761478337.2115872,1761478338.7835608,1.5719735622406006,3,3,0.010933,191.830902,0,"10.0.2.1,10.0.1.1,10.0.2.1"
90,1761478338.7835622,1761478340.7679832,1.9844210147857666,3,3,0.0108,197.841623,0,"10.0.1.1,10.0.2.1,10.0.1.1"
91,1761478340.767985,1761478341.3389258,0.5709407329559326,3,3,0.012267,189.188996,0,"10.0.2.1,10.0.1.1,10.0.2.1"
92,1761478341.338927,1761478342.8696716,1.5307445526123047,3,3,0.013633,199.39451,0,"10.0.1.1,10.0.1.1,10.0.2.1"
93,1761478342.869674,1761478345.3860817,2.5164077281951904,3,3,0.0138,193.01663,0,"10.0.1.1,10.0.2.1,10.0.1.1"
94,1761478345.386083,1761478346.9142003,1.5281174182891846,3,3,0.013567,194.660063,0,"10.0.2.1,10.0.2.1,10.0.1.1"
95,1761478346.9142048,1761478348.9536643,2.039459466934204,3,3,0.010467,191.024908,0,"10.0.2.1,10.0.1.1,10.0.1.1"
96,1761478348.953665,1761478349.5081031,0.5544381141662598,3,3,0.013567,196.114501,0,"10.0.2.1,10.0.1.1,10.0.2.1"
97,1761478349.5081038,1761478351.4979517,1.9898478984832764,3,3,0.0102,193.603297,0,"10.0.1.1,10.0.2.1,10.0.1.1"
98,1761478351.4979522,1761478353.0598042,1.561851978302002,3,3,0.014133,194.128552,0,"10.0.2.1,10.0.1.1,10.0.2.1"
99,1761478353.0598052,1761478355.0633085,2.0035033226013184,3,3,0.018233,199.996357,0,"10.0.2.1,10.0.1.1,10.0.1.1"
100,1761478355.0633097,1761478357.16433,2.101020336151123,3,3,0.020967,185.276388,0,"10.0.2.1,10.0.1.1,10.0.2.1"
101,1761478357.1643305,1761478358.2197347,1.0554041862487793,3,3,0.010633,201.740994,0,"10.0.1.1,10.0.2.1,10.0.2.1"
102,1761478358.2197356,1761478360.6897285,2.4699928760528564,3,3,0.010267,198.790898,0,"10.0.1.1,10.0.2.1,10.0.1.1"
103,1761478360.6897295,1761478361.8326597,1.142930269241333,3,3,0.0223,198.871685,0,"10.0.1.1,10.0.2.1,10.0.2.1"
104,1761478361.8326604,1761478363.7892454,1.9565849304199219,3,3,0.011867,194.547925,0,"10.0.1.1,10.0.2.1,10.0.1.1"
105,1761478363.7892468,1761478365.3977919,1.6085450649261475,3,3,0.0169,197.572047,0,"10.0.2.1,10.0.1.1,10.0.2.1"
106,1761478365.3977923,1761478367.4309654,2.033173084259033,3,3,0.017033,193.665508,0,"10.0.1.1,10.0.1.1,10.0.2.1"
107,1761478367.430966,1761478369.9262528,2.4952869415283203,3,3,0.020667,201.212049,0,"10.0.1.1,10.0.2.1,10.0.1.1"
108,1761478369.9262536,1761478371.5092325,1.5829789638519287,3,3,0.0101,192.145287,0,"10.0.2.1,10.0.1.1,10.0.2.1"
109,1761478371.5092335,1761478373.5675383,2.058304786682129,3,3,0.0236,188.003652,0,"10.0.1.1,10.0.1.1,10.0.2.1"
110,1761478373.567539,1761478376.0532353,2.485696315765381,3,3,0.0103,193.565353,0,"10.0.1.1,10.0.2.1,10.0.1.1"
111,1761478376.053236,1761478377.6437004,1.5904643535614014,3,3,0.018067,192.747808,0,"10.0.2.1,10.0.1.1,10.0.2.1"
1,1761478430.9489422,1761478434.6248066,3.6758644580841064,3,3,0.023967,199.211821,0,"10.0.1.1,10.0.2.1,10.0.1.1"
2,1761478434.6248093,1761478435.9509268,1.3261175155639648,3,3,0.010167,196.70432,0,"10.0.2.1,10.0.1.1,10.0.2.1"
3,1761478435.9509294,1761478438.7027576,2.751828193664551,3,3,0.020233,194.160716,0,"10.0.1.1,10.0.2.1,10.0.1.1"
4,1761478438.70276,1761478441.0530798,2.3503198623657227,3,3,0.020267,194.051816,0,"10.0.2.1,10.0.1.1,10.0.2.1"
5,1761478441.053081,1761478442.7677414,1.714660406112671,3,3,0.010333,192.939226,0,"10.0.1.1,10.0.2.1,10.0.1.1"
6,1761478442.7677438,1761478445.1360269,2.3682830333709717,3,3,0.023667,195.574283,0,"10.0.2.1,10.0.1.1,10.0.2.1"
7,1761478445.1360278,1761478447.8626153,2.7265875339508057,3,3,0.0114,198.01546,0,"10.0.1.1,10.0.2.1,10.0.1.1"
8,1761478447.8626163,1761478449.2345533,1.3719370365142822,3,3,0.017133,191.214707,0,"10.0.2.1,10.0.1.1,10.0.2.1"
9,1761478449.2345543,1761478452.946318,3.711763620376587,3,3,0.020333,193.32494,0,"10.0.1.1,10.0.2.1,10.0.1.1"
10,1761478452.9463184,1761478454.3493857,1.4030673503875732,3,3,0.0142,196.765219,0,"10.0.2.1,10.0.1.1,10.0.2.1"
11,1761478454.349387,1761478457.030524,2.6811370849609375,3,3,0.016967,192.185664,0,"10.0.1.1,10.0.2.1,10.0.1.1"
12,1761478457.030525,1761478459.4450955,2.4145705699920654,3,3,0.0175,193.567005,0,"10.0.2.1,10.0.1.1,10.0.2.1"
13,1761478459.4450963,1761478461.1002507,1.6551544666290283,3,3,0.0139,192.335048,0,"10.0.1.1,10.0.2.1,10.0.1.1"
